defectType,fileName
A,eJxzcQxxNDA0MjI2NDS0dDQ0BgAfWwOE.CSV
A,eJxzcQxxNDA0NzI2NDS0dDc0AgAfngOO.CSV
A,eJxzcQxxNDA0NzI2NDS0dDcwAQAfngOP.CSV
A,eJxzcQxxNDA0NzI2NDS0dDcwBwAfoQOS.CSV
A,eJxzcQxxNDA2MDI2NDQ0dTEwAgAfUwOB.CSV
A,eJxzcQxxNDA2MDI2NDS0cDQwAgAfVgOB.CSV
A,eJxzcQxxNDA2MDI2NDS0cDQwBAAfVQOA.CSV
A,eJxzcQxxNDA2MDI2NDS0cDSwAAAfXAOH.CSV
A,eJxzcQxxNDA2MTI2NDQydDI0BgAfbQOC.CSV
A,eJxzcQxxNDA2MzI2NDQydDMyAAAfjAOG.CSV
A,eJxzcQxxNDA2MzI2NDS0cDE0AAAfmwOJ.CSV
A,eJxzcQxxNDA2NTI2NDQycDMwAQAffgOG.CSV
A,eJxzcQxxNDA2NTI2NDQydDcwAgAfgwOG.CSV
A,eJxzcQxxNDA2NTI2NDQydTUwBAAfjAOH.CSV
A,eJxzcQxxNDA2NzI2NDQ0cDEwBwAfigOI.CSV
A,eJxzcQxxNDA3NjI2NDQycDU0AAAfkQOE.csv
A,eJxzcQxxNDAwMjI2NDQycDE2AQAfPwOB.csv
A,eJxzcQxxNDAwMjI2NDQydDYyBgAfPQN_.CSV
A,eJxzcQxxNDAwMTI2NDS0cDIyAQAfZgOH.CSV
A,eJxzcQxxNDAwNjI2NDQycDY0BwAfRQOC.csv
A,eJxzcQxxNDAyMTI2NDQ0dTY0AQAfcQOG.CSV
A,eJxzcQxxNDAyMTI2NDS0cDYwBgAfegOH.CSV
A,eJxzcQxxNDAyNjI2NDS0dDMwAQAffgOL.CSV
A,eJxzcQxxNDC0MDI2NDQ0dzE0BwAfnAOP.csv
A,eJxzcQxxNDC0MDI2NDQyczQ2BAAfkgOI.CSV
A,eJxzcQxxNDC0MDI2NDQydjWwBAAflAOO.CSV
A,eJxzcQxxNDCwNDI2NDQycTU0AwAflgON.CSV
A,eJxzcQxxNLC0NDI2NDS0cDY0AgAf-gOT.CSV
A,eJzzCzM0MDEyNjQ0MnQ0NAQAF_8DBw==.CSV
A,eJzzCzM0MDEyNjQ0tHAzMAUAGCcDFQ==.CSV
A,eJzzCzU0MjMyNjQ0MnI0MgUAGCYDEA==.CSV
A,eJzzCzU0MTMyNjQ0NHY0NgcAGD8DFQ==.CSV
A,eJzzCzU0sTAyNjQ0MnQ2NgYAGFIDFA==.CSV
B,eJxzcQxxNDA2MzI2NDS0dDQyAwAfngOO.CSV
B,eJxzcQxxNDA2NDI2NDQ0czM2AgAfbQOI.CSV
B,eJxzcQxxNDA2NDI2NDQ0czM2BgAfbgOJ.CSV
B,eJxzcQxxNDA2NzI2NDQ0djEyBAAflAOH.CSV
B,eJxzcQxxNDA2NzI2NDQ0djGwBAAfmAON.CSV
B,eJxzcQxxNDA3MzI2NDS0cDY0AwAfygOS.CSV
B,eJxzcQxxNDA3MzI2NDS0cDY0BQAfyQOR.CSV
B,eJxzcQxxNDA3NDI2NDS0dDIyBQAfmgON.CSV
B,eJxzcQxxNDAwNjI2NDQycDY2AQAfRgOB.csv
B,eJxzcQxxNDAyMTI2NDS0cDQwBwAfeAOJ.CSV
B,eJxzcQxxNDAyNTI2NDS0dDQ0AgAfgwOH.CSV
B,eJxzcQxxNDAyNzI2NDS0cDcyBwAfrAOU.CSV
B,eJxzcQxxNDAzMzI2NDQycDI2AwAfpQOL.CSV
B,eJxzcQxxNLA0MDI2NDQycjMwAQAflgOJ.CSV
B,eJxzcQxxNLA0MTI2NDQydDIyBwAftQON.CSV
B,eJxzcQxxNLA0MTI2NDS0dDM0BQAf2AOV.CSV
B,eJxzcQxxNLA0MzI2NDS0dDc0BgAf7QOW.CSV
B,eJxzcQxxNLA0MzI2NDS0dDcyAgAf7gOW.CSV
B,eJxzcQxxNLA0NDI2NDS0dDQ2AgAfrAOM.CSV
B,eJxzcQxxNLA0NjI2NDQycDQwAgAfmwOD.CSV
B,eJxzcQxxNLA0NTI2NDS0cDcyAgAf4AOU.CSV
B,eJxzcQxxNLA0NTI2NDS0cDe0BAAf5QOa.CSV
B,eJxzcQxxNLA0NTI2NDS0cDIwBwAf0gOS.CSV
B,eJxzcQxxNLA0NzI2NDQycDI2AwAf0AOP.CSV
B,eJxzcQxxNLA0NzI2NDQycDI2BgAfzQOM.CSV
B,eJxzcQxxNLA0NzI2NDQycDIyBwAfzwOP.CSV
B,eJxzcQxxNLAwMjI2NDQ0czc0BQAfsAOQ.CSV
B,eJzzCzU0MjEyNjQ0tHQ0NAcAGCkDFQ==.CSV
B,eJzzCzU0MjEyNjQ0tHQ0NAEAGCYDEg==.CSV
B,eJzzCzU0MjMyNjQ0MnA0MAEAGBkDCw==.CSV
B,eJzzCzU0MjMyNjQ0MnA0NAUAGBwDDQ==.CSV
B,eJzzCzU0MzYyNjQ0tHQ0MAIAGEQDEg==.CSV
B,eJzzCzU0MzYyNjQ0tHQ0MAQAGEMDEQ==.CSV
C,eJxzcQxxNDAxMDI2NDQ0cTSwAAAfVwOE.CSV
C,eJxzcQxxNDAxMDI2NDQwczSwAAAfWgOF.CSV
C,eJxzcQxxNDAxMDI2NDQwczSyAAAfXgOH.CSV
C,eJxzcQxxNDC2NDI2BAJnY1MAH6MDiw==.CSV
C,eJxzcQxxNDC2NDI2NDQ0cDUyAAAfngOG.CSV
C,eJxzcQxxNDC2NDI2NDS0dDE0AQAfwQOR.CSV
C,eJxzcQxxNDCyNDI2NDIwdDa0AAAfmAOL.CSV
C,eJxzcQxxNLAwMjI2NDA2dDEwBgAfkwOG.CSV
C,eJxzcQxxNLCwMDI2NDS0cDI0AAAf4AOO.CSV
C,eJzzCzM0sDQyNjQ0NnAxsAQAGEEDFg==.CSV
C,eJzzCzU0MjUyNjQ0snA0NAYAGDADEg==.CSV
C,eJzzCzU0MTUyNjQ0NnAzMAcAGDwDFQ==.CSV
C,eJzzCzU0MTYyNjQ0MnUzNAAAGDIDEQ==.CSV
C,eJzzCzU0MzcyNjQ0MnUytAQAGG0DHA==.CSV
C,eJzzCzU0MzEyNjQ0NHcxMAEAGFEDFg==.CSV
C,eJzzCzU0MzYyNjQ0MnYxsAQAGEEDFw==.CSV
C,eJzzCzU0NjAyNjQ0NHYyNAQAF_EDBw==.CSV
C,eJzzCzU0NjAyNjQyMHQ2NAYAF-8DCA==.CSV
C,eJzzCzU0NjAyNjQyMHQyMAcAF-4DCg==.CSV
C,eJzzCzU0NjYyNjQyMHIxtAAAGBkDEg==.CSV
C,eJzzCzU0NTAyNjQyMHQ2NAAAGAIDBw==.CSV
C,eJzzCzU0NTMyNjQyMHQ2sAAAGEQDFA==.CSV
C,eJzzCzU0NTUyNjQyMHYyNAIAGDsDDw==.CSV
C,eJzzCzU0NzAyNjQyMHQ2tAQAGCEDEg==.CSV
C,eJzzCzU0sjAyNjQ0MnYzNAAAGEYDEg==.CSV
D,eJxzcQxxNDA0MTI2NDQycTIyBwAfaQOI.CSV
D,eJxzcQxxNDA2MjI2NDQyczYyBgAfcgOH.CSV
D,eJxzcQxxNDAxMDI2NDQwdTM2AwAfaQOK.CSV
D,eJxzcQxxNDAyMTI2NDS0cDQ2AAAfdwOF.CSV
D,eJxzcQxxNDAyNjI2NDSycDQ0BAAfbwOE.CSV
D,eJxzcQxxNDAzNjI2NDQ0djU0AgAfjwOH.CSV
D,eJzzCzM0MDYyNjQ0MnA0sAQAF_cDDA==.CSV
D,eJzzCzU0MjAyNjQ0MncyMgYAF_8DDg==.CSV
D,eJzzCzU0MjAyNjQ0NHUzNAUAF_4DEA==.CSV
D,eJzzCzU0MjEyNjQ0tHQ0NAMAGCgDFA==.CSV
D,eJzzCzU0MjYyNjQ0MnIxMgUAGBEDEA==.CSV
D,eJzzCzU0MTUyNjQ0tHQ2MgMAGFADGg==.CSV
D,eJzzCzU0NjAyNgSSjgYmABftAwc=.CSV
D,eJzzCzU0NTUyNjQ0snAxMAYAGFgDFw==.CSV
D,eJzzCzU0sjAyNjQyMHI2sgQAGEADFw==.CSV
D,eJzzCzU0tTQyNjQ0MnI0NgYAGGUDFQ==.CSV
E,eJxzcQxxNDA0MDI2MDM0cTIyAgAfTgOC.CSV
E,eJxzcQxxNDAwMTI2MDUwdTQ2AAAfYQOC.CSV
E,eJxzcQxxNDAwMTI2MDUwdTQyAAAfXwOB.CSV
E,eJxzcQxxNDAwNDI2MDU0cDYyBAAfOQN9.CSV
E,eJxzcQxxNDAwNDI2MDUwdzO0BAAfXwON.CSV
E,eJxzcQxxNDCwMDI2MDUwcTWyAAAflwOQ.CSV
E,eJzzCzU0MTIyNjQwMnM2NAEAGCEDEQ==.CSV
E,eJzzCzU0MTIyNjQwMnM2sgAAGCcDFg==.CSV
