defectType,fileName
B,eJxzcQxxNLAwMjI2NDQycDE2AAAfkwOF.csv
C,eJxzcQxxNLAwMjI2NDIwdDEyBgAflAOH.csv
A,eJxzcQxxNDA0NDIGYkNXYzMAH0kDhQ==.csv
A,eJzzCzM0NDYyBhIGLgZGABgJAwo=.csv
B,eJxzcQxxNDAyMDI2NDSydDYwBwAfXwOJ.csv
A,eJxzcQxxNDC2NDI2NDS0cDQ0AwAftgOP.csv
B,eJxzcQxxNDAyMDI2NDSydDYwBQAfXQOH.csv
A,eJxzcQxxNDAzNTI2NDQydDMwBgAfogOJ.csv
D,eJxzcQxxNDA0MTI2MDUwdzWwAAAfggOO.csv
D,eJxzcQxxNLCwMDI2NDI0cTYwAQAf2wOP.csv
B,eJzzCzU0NjQyNjQ0snAxNAQAGBoDEA==.csv
D,eJxzcQxxNDA0NTI2NDSycDIwBgAfewOH.csv
A,eJzzCzM0sDAyNjQ0NnA2NAIAGC8DDg==.csv
B,eJxzcQxxNDA3NDI2NDS0dDE2AwAfowOR.csv
B,eJxzcQxxNDC3NDI2NDIwczayBAAf5gOX.csv
A,eJxzcQxxNDCzMDI2NDQycDY0AwAfuAOM.csv
B,eJxzcQxxNDC2MDI2NDIwczc2AgAftwOQ.csv
B,eJxzcQxxNDAzNDI2NDQycjYwAwAfeAOG.csv
C,eJzzCzU0MjUyNjQ0snA0NAUAGDIDFA==.csv
B,eJxzcQxxNDAzNDI2NDQ0czYyAgAfgwOH.csv
A,eJzzCzM0NDYyNjQyMHQ0NAYAF_4DCA==.csv
D,eJxzcQxxNDC3NDI2NDQ0dzY0AgAf4AOQ.csv
B,eJxzcQxxNLAwNDI2NDQycjI0AAAfhwOC.csv
D,eJxzcQxxNDC2MDI2NDQydjU0AwAfqQOO.csv
C,eJzzCzU0MTQyNjQyNHY1sAQAGBsDFA==.csv
B,eJxzcQxxNDC3MDI2NDQ0cjYyBwAfyQOQ.csv
B,eJzzCzU0MzcyNjQysHAxNgcAGH0DIA==.csv
A,eJxzcQxxNDAyNjI2NDS0dDMwBwAfgQOO.csv
B,eJxzcQxxNDCzNDI2NDS0dDeyAAAf8QOc.csv
B,eJxzcQxxNLC0MDI2NDS0dDK0AAAf9wOY.csv
D,eJxzcQxxNDCyNDI2NDI2cDc0AwAfrQOP.csv
B,eJxzcQxxNLAwMDI2NDIycTUyBgAfmQOL.csv
B,eJxzcQxxNDA3NjI2NDIydTO0BAAftwOU.csv
B,eJxzcQxxNDCzMDI2NDQ0cTEwBwAfxQOQ.csv
B,eJxzcQxxNDCzNDI2NDS0dDcyBQAf7gOZ.csv
C,eJzzCzU0szAyNjQyNHE1NAYAGHcDGQ==.csv
B,eJxzcQxxNDA0NDIGIgNXQzMAH0wDhA==.csv
A,eJxzcQxxNDC0MDI2NDIwdzQ0AAAfjQOF.csv
D,eJxzcQxxNDC0NDI2MDOydDQ0BwAfwQOU.csv
B,eJxzcQxxNDC2NDI2NDQ2cDUyBgAfqwOL.csv
B,eJxzcQxxNDAzMjI2NDIycTE0AAAfjwOG.csv
C,eJxzcQxxNDAxNjI2NDKydDI0AgAfkwOK.csv
B,eJxzcQxxNDC3NDI2NDQydzcyAwAf9wOa.csv
A,eJxzcQxxNDAzNTI2NDI0djEwAQAfpgOK.csv
D,eJxzcQxxNDC3MDI2NDA2cDI2BQAfwgON.csv
D,eJzzCzU0NjAyNgSS7kaWABgIAxQ=.csv
A,eJxzcQxxNLCwMDI2NDQycDa0AAAf0AOQ.csv
B,eJzzCzU0sjQyNjQ0MnM2NAQAGFQDFA==.csv
A,eJxzcQxxNDAxMzI2NDQycTE0AwAfoQON.csv
A,eJxzcQxxNDCwNDI2NDIwdDE0AgAffwOE.csv
D,eJzzCzU0NjAyNgSSjoaWABf0Aw0=.csv
B,eJxzcQxxNDAzMzI2NDQ2cDKyBAAfqwOO.csv
D,eJxzcQxxNDAyMTI2NDI0cjGyAAAfdAOK.csv
B,eJzzCzM0NDIyNjQ0NnA2NAQAF_0DCA==.csv
D,eJxzcQxxNDA0NjI2MDewdDQyBAAffQOI.csv
A,eJxzcQxxNDA2MzI2NDQydzIyBAAfmQOJ.csv
A,eJzzCzM0NDMyNjQyMHI2MAEAGCUDDg==.csv
D,eJzzCzU0NjAyNgSSjgaWABfyAww=.csv
A,eJzzCzM0NDMyNjQyMHc0MAMAGDUDEw==.csv
A,eJxzcQxxNDA2MDI2NDQydTEwAQAfWgOE.csv
A,eJxzcQxxNDA2NzI2NDQ0cTc0BwAfpQOQ.csv
C,eJzzCzU0MTUyNjQyMHMxMAUAGEMDFQ==.csv
D,eJxzcQxxNDA1MDI2NDI0cDI2AgAfWwOA.csv
A,eJxzcQxxNDAwMzI2NDIwczI0BgAfcAOF.csv
A,eJxzcQxxNDAzNjI2NDI0djU0AAAfkwOG.csv
B,eJxzcQxxNDAzNDI2NDQ0dzIyAAAfggOF.csv
B,eJxzcQxxNDAzNzI2NDQyczMyAAAfywOP.csv
A,eJzzCzM0MDEyNjQyMHMyMAUAGBQDDw==.csv
D,eJxzcQxxNDQwMDI2MDcwdDMwAgAfTAOB.csv
A,eJxzcQxxNDAzNDI2NDKydDE0BgAfnAON.csv
A,eJxzcQxxNDA2NzI2NDSydDe0AAAfvwOX.csv
B,eJxzcQxxNDAxMzI2NDI2cDMyAwAfpAOO.csv
B,eJzzCzU0MTMyNjQ0MnMyNgAAGEwDEw==.csv
B,eJxzcQxxNDA0NTI2NDQ0dzO0BAAfhgOQ.csv
A,eJxzcQxxNDCwMDI2NDAydzQwBAAffwOE.csv
B,eJxzcQxxNDCxNDIxMDQwdjI0BQAfqwOK.csv
C,eJxzcQxxNDAwNTI2MDO0dDU2AQAflgOR.csv
B,eJxzcQxxNLAwMTI2NDIydjI0AgAfsQOJ.csv
A,eJxzcQxxNDAwNjI2NDQycDY2AgAfRAN_.csv
B,eJxzcQxxNDAwMTI2NDS0dDMwBAAfbwOH.csv
D,eJxzcQxxNDCxNDI2NDAyczY2BgAfvwOP.csv
B,eJxzcQxxNDAyNjI2NDSycDY2AwAffgON.csv
D,eJzzCzM0sDAyNjQ0MnQ1MAYAGDMDEA==.csv
B,eJxzcQxxNLC0MDIxMDQwdjYyAgAf2gON.csv
B,eJxzcQxxNDA3NzI2NDS0dDY0AAAf0gOO.csv
B,eJxzcQxxNDA2NTI2NDIwBbIAH34DhA==.csv
C,eJxzcQxxNDAxNjI2NDI2cDU0AAAfewOD.csv
B,eJxzcQxxNDA2NDI2NDQycDU2AQAfWQOE.csv
A,eJxzcQxxNDA1MDI2NDAydzQ2BgAfbgOG.csv
B,eJxzcQxxNDA1NDI2NDQydDIwAQAfZAOB.csv
C,eJxzcQxxNDAxNjI2NDKydDU0BAAfmwOM.csv
B,eJxzcQxxNLA0NzI2NDQycDI2BQAfzwOO.csv
A,eJxzcQxxNDAxNzI2NDIycjG0AAAfqwOP.csv
C,eJxzcQxxNDAyMDIxMDQwcTIyBgAfPwN_.csv
B,eJxzcQxxNDAxNjI2NDKwcDQwAwAfhAOJ.csv
D,eJxzcQxxNLAwNjI2NDA2dDM2AQAfqgON.csv
B,eJxzcQxxNDA0MTI2NDQ0dzY2AAAfbgOF.csv
B,eJxzcQxxNDAzNzI2NDS0cDK0BAAfyQOU.csv
B,eJzzCzU0NjAyNjQ0tHQ0sAQAGAwDEw==.csv
A,eJxzcQxxNDCwNDIxMDQwcTE0BQAfiQOJ.csv
B,eJxzcQxxNDC3NDI2NDQydzc2BQAf-AOa.csv
B,eJxzcQxxNDAzMjI2NDQ0cTE2BgAfiwOJ.csv
A,eJzzCzU0MTEyNjQ0Mnc2MgEAGEEDFg==.csv
D,eJxzcQxxNLC0MDI2NDS08DAwBQAgAAOZ.csv
B,eJzzCzU0MzcyNjQysHAxNgMAGHwDHw==.csv
B,eJxzcQxxNDC2NDI2NDIwdjYyBAAfpgOI.csv
C,eJxzcQxxNDAyMTI2NDIyczWyAAAfjAOQ.csv
B,eJxzcQxxNDC3NDI2NDSycDE0AQAf7gOV.csv
B,eJxzcQxxNDAyNjI2NDIwcza0BAAfcQOL.csv
D,eJzzCzU0NjAyNjQ0tHQ0MAUAGAgDDw==.csv
B,eJxzcQxxNDCzNDI2NDS0BLIAH9kDkg==.csv
A,eJxzcQxxNDCzMDI2NDKwcDYwBwAf0wOT.csv
A,eJxzcQxxNDA0NjI2MDc0cDE0BwAfawOI.csv
D,eJxzcQxxNDC0NDI2MDcwdDawAAAfogON.csv
A,eJxzcQxxNDC0MDI2NDQycjY0BwAfigOK.csv
A,eJzzCzM0MDEyNjQ0MnIyMAEAGAcDCw==.csv
B,eJxzcQxxNDA3MDI2NDS0dDMyAAAflwOL.csv
B,eJxzcQxxNDAzMzI2NDS0cDEyBQAfwwOS.csv
A,eJxzcQxxNDC0MDI2NDQ2cDc2BAAfkQOJ.csv
C,eJxzcQxxNDAzMzI2NDIwdzE2AwAfwwOT.csv
B,eJzzCzU0MTMyNjQ0MnMysAAAGE4DGA==.csv
A,eJxzcQxxNLCwMDI2NDQ2cDQ0BwAfzgOO.csv
D,eJzzCzU0NjYyNjA3NHAzMAYAGCwDEQ==.csv
B,eJxzcQxxNDA2NzI2NDQwdzMyBgAfpwOO.csv
C,eJzzCzU0sjAyNjQyMHUxtAQAGE0DGg==.csv
D,eJzzCzU0MjUyNjQ0snAytAAAGDgDGA==.csv
C,eJxzcQxxNDAzMzI2NDS0dDc2AQAf0QOW.csv
B,eJxzcQxxNDA1NzI2NDSycDYyBQAfxAOS.csv
A,eJxzcQxxNDAxMDI2NDQ0cjQyAgAfTQN-.csv
B,eJzzCzU0sjQyNjQ0MnM2MAQAGFIDEw==.csv
B,eJxzcQxxNDAxMTI2NDS0dDU0AAAfmQOK.csv
B,eJxzcQxxNDAwMzI2NDKydDE2BgAfkAOO.csv
B,eJzzCzU0NzAyNjQ0MnU3tAQAGEEDGw==.csv
B,eJxzcQxxNDC3NDI2NDSycDE2AwAf9AOZ.csv
B,eJxzcQxxNLA0MzI2NDQydzcwBgAf6AOU.csv
A,eJxzcQxxNDAyNDI2NDQycDUyAwAfTgOE.csv
D,eJzzCzU0NjYyNjA3NHAzMAUAGC4DEw==.csv
B,eJxzcQxxNDC2MDI2NDIyczIwBQAfrwON.csv
B,eJxzcQxxNDAzNDI2NDSwdDE2BAAfjgOK.csv
A,eJxzcQxxNDAwMzI2MDc0cDU2BAAffwOH.csv
C,eJzzCzU0NTAyNjQ0NnAyMAYAGAUDCQ==.csv
A,eJxzcQxxNDAzNDI2NDQydzM0AwAflwOP.csv
B,eJxzcQxxNDA1NzI2NDQycjUyBAAfrgOK.csv
B,eJxzcQxxNDAzNTI2NDIwczIyAQAfqwOM.csv
B,eJxzcQxxNDA1MTI2NDQydDIwBQAfgwOF.csv
D,eJxzcQxxNDCxNDI2MDc0cDU0BgAfxwOO.csv
C,eJxzcQxxNLAwMDI2NDI0dDI2AgAfgAOE.csv
C,eJxzcQxxNDAzMzI2NDQycjE2BAAfrgOK.csv
C,eJzzCzM0sDQyNjQ0NnAxMAMAGD4DEw==.csv
A,eJxzcQxxNDA2NTI2NDKydDGwBAAfpwOT.csv
B,eJxzcQxxNDAyMTI2NDQ0cTawBAAfcAOJ.csv
A,eJxzcQxxNDA2NTI2NDIwdzIwAgAfiAOG.csv
B,eJxzcQxxNDAwMTI2NDIydTQ0AQAfYAOE.csv
A,eJxzcQxxNDAzNzI2NDI0djIyAwAfugOO.csv
C,eJxzcQxxNLAwNjI2NDS0dDWwAAAfwQOU.csv
A,eJxzcQxxNDCxNDI2NDQydTMwBgAfxAOP.csv
C,eJxzcQxxNDAzMzI2NDQycjU2BgAfswON.csv
B,eJxzcQxxNDA0MzI2NDS0cDKwBAAfhgON.csv
B,eJxzcQxxNLA0MjI2NDIwdzY0BQAftAOO.csv
D,eJxzcQxxNDAwNjI2MDcwdzawAAAfcwOM.csv
B,eJxzcQxxNDC3NDI2NDQ2cDM2BAAf2gOP.csv
B,eJxzcQxxNLA0MTI2NDSycDIyAwAf0AOT.csv
C,eJzzCzU0MjEyNjQysHA0MQQAGCYDEQ==.csv
B,eJxzcQxxNDAyMTI2NDI0cjMyAwAfeAOK.csv
A,eJxzcQxxNLC0MDI2NDS0cDayAAAf-AOZ.csv
B,eJxzcQxxNDA0NjI2NDS0cDQ2AgAfZAOF.csv
B,eJxzcQxxNLAwNDI2NDQycDI2AgAfhQOE.csv
B,eJxzcQxxNDAzNzI2NDQ2cDcyAAAfuwOL.csv
B,eJxzcQxxNLC0MDI2NDKwcDUyBAAf-AOU.csv
B,eJxzcQxxNDA3NzI2NDS0dDY0BAAf0wOP.csv
B,eJzzCzM0MDEyNjQyMHQyNAQAF_4DBw==.csv
A,eJxzcQxxNDAxNDI2NDI0cTE0AQAfbgOG.csv
B,eJxzcQxxNDC3NDI2NDS0dDIyAQAf6QOU.csv
B,eJxzcQxxNLC0MDI2NDS08DCwAAAgAwOc.csv
A,eJxzcQxxNLAwNjI2NDA2dDY0AAAfmQOE.csv
D,eJxzcQxxNLAwNDI2NDQ0dzYwAQAfmwOK.csv
B,eJxzcQxxNDA0NzI2NDQycjQ0BgAfdgOD.csv
A,eJxzcQxxNDAzNDI2NDQ0dzK0AAAfiAOM.csv
A,eJxzcQxxNDA1MDI2NDQ0dzEyBwAfegOM.csv
B,eJxzcQxxNDAwMjI2NDI0cTMwAQAfUAOE.csv
C,eJxzcQxxNDAxNjI2NDIycTE0BAAfhAOG.csv
A,eJxzcQxxNDAyMDI2NDIycTI0AwAfTwOE.csv
D,eJzzCzU0MTIyNjQwMnM2NgcAGCgDFg==.csv
A,eJxzcQxxNDC0MDI2NDIwdDM0BgAfhwOH.csv
B,eJxzcQxxNDA3MTI2NDQycDQ0BwAflgOI.csv
D,eJxzcQxxNDAyMTI2MDcwcjY2AQAfgQOJ.csv
B,eJxzcQxxNDC2NDI2NDIwcTYwBQAfqgOL.csv
B,eJxzcQxxNLC0MDI2NDS0cDawAAAf9AOX.csv
B,eJxzcQxxNDAzNDI2NDQ0dzIyBgAfhQOI.csv
B,eJxzcQxxNDA0NzI2BCJHQ0sAH4MDig==.csv
D,eJzzCzU0sjQyNjQ0Mnc0NgUAGFoDGQ==.csv
A,eJxzcQxxNDAzMjI2NDI0dDU0AAAfgQOD.csv
D,eJxzcQxxNDA1MjI2MDMycjE2BgAflAOL.csv
C,eJzzCzU0NTAyNjQ0NnAxMAYAGAsDCw==.csv
B,eJxzcQxxNDC3NDI2NDIwczY2BQAf5AOU.csv
B,eJxzcQxxNDC3MDI2NDKydDQ2AgAf5wOT.csv
C,eJzzCzU0MTMyNjQyMHc2tgAAGFcDHA==.csv
A,eJzzCzM0NDcyNjQ0MnI0MAUAGC4DDw==.csv
A,eJxzcQxxNDA3NzI2NDIwdzY2AgAf0QOQ.csv
A,eJxzcQxxNLAwNzI2NDIwdze0BAAf6wOa.csv
B,eJxzcQxxNDC2NDI2NDIwcTYwAwAfqwOM.csv
D,eJxzcQxxNDAzNzI2NDS0cDQ0AAAfvQOK.csv
A,eJxzcQxxNDA1NjI2NDKydDM2AAAfrAOP.csv
D,eJxzcQxxNDAwNjI2NDIydzU2BAAfawOI.csv
A,eJxzcQxxNDAyNTI2NDSycDUwBgAfjwOL.csv
B,eJxzcQxxNDC3NDIxMDQwdjQ0AgAfxgOJ.csv
A,eJxzcQxxNDCwNDI2NDQ2cDI0BAAffQOC.csv
B,eJxzcQxxNDAyNjI2NDQydzI2BQAfdgOK.csv
B,eJxzcQxxNLAwNTI2NDS0dDQ0AwAfyQOR.csv
B,eJxzcQxxNDAwNTI2NDS0cDQwBAAfZgOC.csv
D,eJxzcQxxNDA3NjI2NDQydjYwAgAflwOG.csv
B,eJzzCzU0tjAyNjQ0tHQ0MAcAGFoDGQ==.csv
B,eJzzCzU0MjcyNjQ0tHQyNgUAGEwDGQ==.csv
B,eJzzCzU0NTIyNjQ0MnA0MgAAGBIDCA==.csv
A,eJxzcQxxNDA1NTI2NDQ0dzI2BQAfpgOO.csv
A,eJxzcQxxNDA2NTI2NDIydzQ0BQAflAOL.csv
B,eJzzCzU0NTcyNjQ0MnQyNgQAGE4DEQ==.csv
B,eJzzCzU0MzcyNjQysHAxtgAAGH4DIQ==.csv
B,eJzzCzM0NDIyNjQyMHQyNAEAF_gDCQ==.csv
C,eJzzCzU0NjAyNjQ0snQ2NAQAGBEDDw==.csv
A,eJxzcQxxNDAzNjI2NDI0cjI0BgAfiQOF.csv
D,eJxzcQxxNLAwNDI2NDQwcjQwBwAffwOF.csv
A,eJzzCzM0NDcyNjQ0MnI0sAQAGDIDEw==.csv
A,eJzzCzU0MjAyNjQ0MnMyNgUAF_8DEA==.csv
A,eJxzcQxxNDA2MzI2NDSycDQyAAAfmQOI.csv
B,eJxzcQxxNLA0MTI2NDS0cDQ2AQAfyAOQ.csv
B,eJzzCzU0tTQyNjQyNnAyMQQAGGsDFQ==.csv
B,eJxzcQxxNDC3NDI2NDSycDe0AAAf-wOc.csv
A,eJxzcQxxNDA2MDI2NDIwdzIwAgAfVgOB.csv
A,eJzzCzU0MzAyNjQyMHQ0NgcAGBIDDw==.csv
B,eJxzcQxxNDAyNjI2NDQydzI0BwAfdAOK.csv
A,eJxzcQxxNDAwNzI2NDKwcDE2AwAfjwOP.csv
A,eJxzcQxxNDA1MjI2MDcwdDQ0BAAffQOC.csv
B,eJxzcQxxNLAwNjI2NDQydjI2BQAfqAOM.csv
B,eJxzcQxxNDC3MDI2NDIwdTQwBQAfygON.csv
B,eJxzcQxxNDAwNTI2NDAydzEyAgAfbwOH.csv
B,eJxzcQxxNDAyMDI2NDQ2cDQyBgAfOgN9.csv
B,eJxzcQxxNDAyNjI2NDSycDYyBgAfeQOJ.csv
C,eJxzcQxxNDAyMTI2NDAyczU2AwAfgAON.csv
B,eJxzcQxxNDAyMDI2NDQydDOwAAAfSQOF.csv
B,eJxzcQxxNDA2NzI2NDQ0djUwAgAflAOH.csv
B,eJxzcQxxNDA1NzI2NDSycDY2AQAfxQOS.csv
A,eJxzcQxxNDAwMTIxMDQwdjQ0BgAfSAN-.csv
C,eJzzCzU0MTUyNjQyMHMxtgAAGEwDGw==.csv
B,eJxzcQxxNDAzNDI2NDQ0czYyBAAfggOG.csv
B,eJxzcQxxNDC3NDI2NDQ2cDMyAQAf2wOR.csv
B,eJxzcQxxNDAzMDI2NDQ0dTE0BwAfewOK.csv
C,eJxzcQxxNDAxNjI2NDKydDYwAgAflAOK.csv
D,eJxzcQxxNDA0NDI2MDewcDcyAQAfegOO.csv
B,eJxzcQxxNDA1NzI2NDQycjQwBAAfngOE.csv
A,eJxzcQxxNDA0NzI2NDQyczc0AgAflwOM.csv
A,eJxzcQxxNDA2NzI2NDQ0djI2BQAflAOK.csv
B,eJxzcQxxNDCxMDIxMDQwdjQ2BgAfoAOI.csv
B,eJxzcQxxNDAzMzI2NDS0dDQ2AQAfvwOQ.csv
C,eJzzCzU0NzAyNjQysHAxMAYAGDgDEw==.csv
B,eJxzcQxxNLAwNDI2NDS0cDY2BgAfpAON.csv
A,eJxzcQxxNDAwMTI2NDIwdjQyBwAfUwOE.csv
B,eJzzCzU0NjAyNjQ0MnM0MQQAGAUDDQ==.csv
B,eJxzcQxxNDC3MDI2NDS0dDQ2AQAf3gOT.csv
D,eJxzcQxxNDAwNjI2MDc0cDWwAAAfYgOI.csv
A,eJxzcQxxNDCwMDI2NDQydzMwBAAflAOK.csv
B,eJxzcQxxNDA3MTI2NDQycDQyAAAfkQOC.csv
B,eJxzcQxxNDAzNDI2NDQycTYyAQAfggOI.csv
C,eJzzCzU0MjcyNjQ0MnM0NAQAGDoDEA==.csv
B,eJxzcQxxNDAzMDI2NDIwdjE0BgAfcAOE.csv
B,eJxzcQxxNDAyMDI2NDQycjQ0AAAfOAN6.csv
B,eJxzcQxxNDAyNTI2NDQydDU2BgAfeQOH.csv
B,eJzzCzU0NTcyNjQyMHE1NAQAGFsDFA==.csv
B,eJxzcQxxNDAyNjI2NDI0cDMwBgAfXwOC.csv
B,eJzzCzU0NTYyNjQ0tHQxNgAAGEYDFQ==.csv
E,eJxzcQxxNDCwMDI2MDM0dTEwAwAfnQOO.csv
A,eJxzcQxxNDA2MzI2NDKydDUyAAAfrwOO.csv
A,eJxzcQxxNDA2MDI2NDQydTEwBQAfWwOF.csv
A,eJxzcQxxNDAzNjI2NDIwdDU0BgAfiQOG.csv
D,eJzzCzU0MjMyNgSSLgYWABg-Axg=.csv
C,eJxzcQxxNDAyMTI2NDI0cjE0AgAfbAOD.csv
A,eJxzcQxxNDA2MjI2MDc0cDY0AAAfbQOB.csv
D,eJxzcQxxNLAwNTI2MDOydDIyAQAf6AOW.csv
A,eJxzcQxxNDA2NzI2NDQ0djEyAQAflwOK.csv
C,eJzzCzU0MTMyNjQyMHc2MAUAGE4DFg==.csv
A,eJzzCzM0NDcyNjQ0MnY0NAEAGDMDEA==.csv
D,eJzzCzU0NjYyNjA3NHAzNAQAGCwDEA==.csv
D,eJzzCzU0NTUyNjA3sHA0NAcAGGgDHA==.csv
A,eJxzcQxxNDCwMDIxMDQwcTa0AAAffwOK.csv
A,eJxzcQxxNDCzMDI2NDI0djWwBAAfzAOT.csv
B,eJxzcQxxNDC2NDI2NDIwcTY0BgAfqgOK.csv
A,eJzzCzM0NDcyNgSSTgZmABhBAxU=.csv
C,eJxzcQxxNDAxNjI2NDKycDI0BwAflAOO.csv
B,eJxzcQxxNDA2NTI2NDIwdDUwBgAfegOE.csv
A,eJxzcQxxNDA2MzI2NDI0cTQ0AAAfiAOD.csv
A,eJxzcQxxNDA2MTI2NDKydDI0AAAfkAOI.csv
A,eJxzcQxxNDAxMDI2NDQyczM2AAAfcQOH.csv
A,eJxzcQxxNDCwNDI2NDI0dTI0BAAfjQOG.csv
D,eJxzcQxxNDA0NzI2MDc0cDYyAAAfiwOF.csv
A,eJxzcQxxNDCzMDI2NDQwdDQ2BgAfrQOI.csv
B,eJxzcQxxNDAyNTI2NDQydDQwBwAfawOE.csv
C,eJzzCzU0MTUyNjQ0NHczMAIAGEkDFQ==.csv
A,eJxzcQxxNLC0MDI2NDIwcjMwBQAf4wOR.csv
A,eJxzcQxxNDAyMDIxMDQwcTQ0BAAfOAN7.csv
A,eJxzcQxxNDC0NDI2MDcwdjEyBQAfrgOP.csv
A,eJxzcQxxNLCwNDI2NDS0dDKyAAAf-AOZ.csv
D,eJxzcQxxNDAwNjI2NDCycDM2AgAfZwOJ.csv
A,eJxzcQxxNDA3NzI2NDI0cTYwAQAfxgON.csv
B,eJzzCzU0NjYyNjQ0NHMztAQAGC8DGQ==.csv
A,eJxzcQxxNLC0MDI2NDQ0dzKyAAAf8QOX.csv
B,eJxzcQxxNDC3NDI2NDQydzcyBQAf9gOZ.csv
B,eJxzcQxxNDAyMDI2NDQ2cDQ2AQAfPQN_.csv
A,eJzzCzU0MTAyNjQyNnAzNAQAGAwDDA==.csv
B,eJxzcQxxNLA0MDI2NDQ0dzKyBAAfogOQ.csv
A,eJxzcQxxNDCwMDI2NDQydzMwBwAfmgOQ.csv
A,eJxzcQxxNDAwNzI2NDQydDY0AgAfbAOC.csv
A,eJzzCzM0NDUyNjQyMHU0sAQAGCYDEw==.csv
B,eJxzcQxxNDAzMzI2NDQycjU2AwAftgOQ.csv
B,eJxzcQxxNDAyNzI2NDS0cDe0BAAfrAOV.csv
A,eJzzCzM0NDcyNjQysHA0sAQAGEYDGA==.csv
B,eJxzcQxxNDAwMzI2NDKwcDIyBAAfeAOG.csv
D,eJzzCzU0NTUyNjA3sHA0MgAAGGMDFg==.csv
B,eJzzCzU0tjQyNjQ0MnczNAUAGHADHQ==.csv
C,eJxzcQxxNDA3NjI2NDI0dDI2AwAflwOK.csv
B,eJxzcQxxNDA2NzI2NDQ0cjGwAAAfkwOL.csv
A,eJzzCzM0NDcyNjQyMHMxNAAAGEADEQ==.csv
A,eJxzcQxxNDA1NjI2NDKydDO0BAAfsQOW.csv
A,eJxzcQxxNDA2MzI2NDIycjYyBAAfjgOG.csv
A,eJxzcQxxNDAzNjI2NDI0cjQwBAAfggOB.csv
A,eJxzcQxxNLCwNDI2NDQydjM2BgAf7gOU.csv
B,eJxzcQxxNDC2NDI2NDS0dDQwBwAfuQOQ.csv
C,eJxzcQxxNDAzMzI2NDQycjY2AgAfrAOK.csv
D,eJxzcQxxNDA0MjI2NDS0dDQ2BgAfXwOG.csv
B,eJzzCzU0MTEyNjQ0snA0MAUAGDwDFA==.csv
A,eJxzcQxxNDAzNzI2NDQ2cDM0BgAfuQOM.csv
A,eJxzcQxxNDAzNDI2BGJHQwMAH3IDgA==.csv
B,eJxzcQxxNDCzMDI2NDQ0cTGwAAAfxgOR.csv
A,eJzzCzM0MDEyNjQ0NHM0MAYAGA4DDA==.csv
A,eJzzCzU0NTIyNjQ0tHQzNAQAGD8DFQ==.csv
A,eJxzcQxxNDCxNDI2BCJnQ3MAH7wDjw==.csv
A,eJzzCzM0MDEyNjQ0NnA2NAQAGAYDCQ==.csv
B,eJxzcQxxNDAyNTI2NDQyBLIAH2YDfw==.csv
A,eJxzcQxxNDA1MDI2NDQycTU2AgAfcwOH.csv
C,eJzzCzU0MTUyNjQyMHc0MgAAGD0DEA==.csv
A,eJzzCzM0MDEyNjQ0NnA2NAYAGAgDCw==.csv
D,eJxzcQxxNDAzNTI2NDIwdTEwBAAfpgOI.csv
A,eJxzcQxxNDA3NzI2NDQ0dzIwAQAfyQOO.csv
D,eJxzcQxxNDA2NjI2MDewcDKyAAAfmQOR.csv
B,eJxzcQxxNDAzMjI2NDQ0dTY0AwAfiwOK.csv
A,eJxzcQxxNDAyMTI2NDI0dDQ0AAAfXQN9.csv
A,eJxzcQxxNDCzMDI2NDQ0dTawBAAfyAOS.csv
B,eJxzcQxxNDAzNzI2NDQ0cTcyAAAfwQON.csv
D,eJzzCzU0NjQyNjQ0Mnc0NAIAGA4DDQ==.csv
A,eJxzcQxxNDAzNjI2NDI0djE0BQAflQOK.csv
A,eJxzcQxxNDAyMzI2NDIydTUwAgAfkgOJ.csv
D,eJxzcQxxNDAzMTI2MDcwczKwAAAfuAOR.csv
B,eJxzcQxxNDAwNTI2NDQyczcyAAAfeAOI.csv
A,eJxzcQxxNDAzNDI2NDQycTMwBAAfhAOG.csv
A,eJzzCzM0MDQyNjQ0MnA2NAYAF-UDBw==.csv
C,eJxzcQxxNDAzMjI2NDQ0cTY0BQAfhgOI.csv
A,eJxzcQxxNDA2MzI2NDI0cTQwBwAfjQOJ.csv
A,eJxzcQxxNLAwMDI2NDI0cjGyBAAfjwON.csv
B,eJzzCzU0szAyNjQyMHczMQAAGIQDHA==.csv
B,eJxzcQxxNLAwNTI2NDS0BLIAH8kDkg==.csv
D,eJxzcQxxNDAwNjI2MDc0cDW0AAAfZAOJ.csv
A,eJzzCzU0NzAyNjQyMHM2NAQAGC0DDw==.csv
B,eJxzcQxxNDC2MDI2NDQwdzM0BwAfswOS.csv
B,eJxzcQxxNDCxNDI2MDc0cDU0AgAfxgON.csv
B,eJxzcQxxNDAzMzI2NDQydjY2BQAfswOO.csv
D,eJxzcQxxNDAzNDI2NDQ0czI0BgAffwOG.csv
C,eJzzCzU0NjYyNjQ0NnA1sAAAGBsDEg==.csv
A,eJxzcQxxNLCwMDI2NDQydDG0AAAf1wOS.csv
B,eJxzcQxxNDC3NDI2NDQydDU2AAAf1QON.csv
B,eJxzcQxxNDA1MTI2NDQydzM0AgAfpgON.csv
A,eJxzcQxxNDA3NDI2NDS0cDI2AAAfkwOI.csv
A,eJxzcQxxNDA2MDI2NDQ0dTa0AAAfWAOH.csv
A,eJxzcQxxNDAwNjI2NDS0cDQ0BQAfWAOF.csv
D,eJzzCzU0MjAyNjQ0MnMyNAEAF_oDDQ==.csv
B,eJxzcQxxNDCyNDI2NDIwdzMwBQAftAOQ.csv
C,eJzzCzU0MTMyNjQyMHc2NAIAGE0DFA==.csv
D,eJxzcQxxNDC0NDI2MDcwdjE2AQAfrwOP.csv
C,eJzzCzU0tTQyNjQyNnA1NgcAGHgDHQ==.csv
A,eJzzCzM0NDYyNjQ0tHQyMAEAGB8DEQ==.csv
A,eJxzcQxxNDAzNDI2NDQ2cDc0BgAfgAOH.csv
B,eJzzCzU0MTYyNjQ0snA2NgUAGD4DGA==.csv
A,eJxzcQxxNDC2NDI2NDIwcTMwBwAftQOQ.csv
A,eJxzcQxxNLAwNjI2MDc0cDQ0AQAfrAOJ.csv
B,eJxzcQxxNDAzMzI2NDQydDGyAAAfrwOP.csv
A,eJzzCzM0MDEyNjQ0MnQyMAMAGAUDDA==.csv
C,eJxzcQxxNDAzNDI2NDQycTU0BwAfiQOM.csv
B,eJxzcQxxNLAwMDI2NDIycTIyBgAfkAOI.csv
B,eJxzcQxxNDC3NDI2NDS0dDKyBAAf7gOZ.csv
B,eJxzcQxxNDA2NzI2NDQ0cDMyAAAfjQOF.csv
B,eJxzcQxxNDCyMDI2NDS0dDc2BAAftgOR.csv
B,eJxzcQxxNLAwMDI2NDIycTYwBwAfkwOL.csv
B,eJxzcQxxNDCzMDI2NDQ0cTE0BwAfxwOR.csv
B,eJxzcQxxNDAwNjI2NDIydTY0BQAfXQOG.csv
A,eJxzcQxxNDCxNDI2NDI2cDQ0BwAfsgOM.csv
B,eJxzcQxxNDC2NDI2NDIwdjQ2BAAfogOH.csv
A,eJxzcQxxNLC0MDI2NDIwdDayAAAf3QOS.csv
A,eJxzcQxxNDA1MDI2NDQycjIwBAAfWwN-.csv
B,eJzzCzU0MjAyNjQ0NHcytAQAF_4DEg==.csv
B,eJzzCzU0sjQyNjQ0MnM2NAEAGFcDFw==.csv
B,eJxzcQxxNDC3MDI2NDKydDQ2AwAf6wOX.csv
B,eJxzcQxxNDAzNTI2NDIwczIyBgAfqgOL.csv
D,eJxzcQxxNDAyNDI2MDc0cDW0BAAfZwOK.csv
E,eJxzcQxxNDAwNTI2MDUwdTYwBgAfbgOF.csv
C,eJxzcQxxNLAwNzI2NDQydDQ2AgAfwgOK.csv
B,eJxzcQxxNDA0MTI2MDMydTUwBQAfhwOM.csv
B,eJzzCzM0NDIyNjQyMHQyNAYAF_cDCA==.csv
B,eJxzcQxxNLAwMDI2NDIycTawBAAflQON.csv
A,eJxzcQxxNDAyNDI2NDIwdTUwBwAfWwOH.csv
A,eJzzCzU0MzIyNjA3NHA1MgAAGEEDEQ==.csv
B,eJzzCzU0NzAyNjQ0MnU3MAEAGDoDFQ==.csv
B,eJxzcQxxNLAwMDI2NDIycTIyBQAfkgOK.csv
B,eJxzcQxxNDA0MjI2MDewcDM0AwAfgQOP.csv
D,eJxzcQxxNDC2NDI2NDQ0djKwBAAfpgON.csv
A,eJxzcQxxNLAwMTI2NDQ2cDYwBAAfpAOF.csv
E,eJxzcQxxNDAwNDI2MDUwdzMyBgAfWwOI.csv
B,eJxzcQxxNDAyMjI2NDI2cDM0BQAfYwOG.csv
A,eJxzcQxxNDAyMDI2NDIycTIwAwAfTQOD.csv
D,eJzzCzU0tjAyNjA3MHE0MAcAGF4DGA==.csv
B,eJxzcQxxNDCyMDI2NDS0dDI0AQAfpgON.csv
A,eJxzcQxxNDAxMDI2NDQwdTM0AAAfXwOC.csv
A,eJxzcQxxNDA1NTI2NDI0cDI0BgAfigOE.csv
B,eJxzcQxxNDAwMzI2NDQycjMyBgAfcgOH.csv
B,eJxzcQxxNLAwMDI2NDIycTUyAwAfnAOO.csv
A,eJxzcQxxNDA0NTI2NDQ0dzE2AAAfewOH.csv
C,eJxzcQxxNLAwNzI2NDQydDQ2BAAfwQOJ.csv
A,eJxzcQxxNDC0MDI2NDKwcDQwBwAflgOM.csv
C,eJzzCzU0MTAyNjQyMHQ0NAYAF_QDBw==.csv
A,eJxzcQxxNDAwMTI2NDKwcDcyAQAfdgOM.csv
C,eJzzCzU0MzcyNjQysHAxMgcAGHsDHw==.csv
B,eJzzCzU0MjEyNjQ0tHQ0MgMAGCoDFQ==.csv
A,eJxzcQxxNDA2MTI2NDQ2cDE0AAAfcQOB.csv
B,eJxzcQxxNDC2NDI2NDQ0cDGyBAAfpAOO.csv
A,eJxzcQxxNDAxMzI2NDIwdzY0AwAfpgOO.csv
A,eJxzcQxxNDC2NDI2NDIwczYwBQAfsgON.csv
A,eJzzCzM0NDcyNjQ0MnQysAQAGDEDEw==.csv
A,eJxzcQxxNDAyNTI2NDI0dTQ0AgAfeQOE.csv
A,eJxzcQxxNDC2NDI2NDIwczY0AwAftQOP.csv
D,eJzzCzU0NjEyNjA3sHQytgAAGFQDHg==.csv
B,eJzzCzU0MjAyNjQ0MnQ1MgYAF_ADCw==.csv
B,eJxzcQxxNLA0MDI2NDQ0dzK0AAAfnwOO.csv
B,eJzzCzU0sjQyNjQ0MnM2MAcAGFgDGQ==.csv
A,eJxzcQxxNDAwMzI2MDc0dDY2AQAfgAOJ.csv
C,eJxzcQxxNDAyMDIxMDQwdjQyAQAfOQN-.csv
A,eJxzcQxxNDAxMzI2NDQycjE0AAAfkwOF.csv
D,eJxzcQxxNDAwNTI2NDAyczE0AgAfaQOF.csv
C,eJzzCzU0sjAyNjQyMHc1NAYAGFIDFw==.csv
C,eJzzCzU0szAyNjQyMHM0sgAAGHUDHA==.csv
B,eJxzcQxxNDA0NTI2NDS0cDI2AwAffwOM.csv
D,eJxzcQxxNLAwNjI2NDQydjIyAQAfpQOK.csv
B,eJxzcQxxNDC3MDI2NDQ0cjawBAAfxwOQ.csv
C,eJzzCzU0MzAyNjQysHA0tAAAGCsDFQ==.csv
D,eJxzcQxxNDAwNjI2MDc0cDUwBwAfYQOH.csv
B,eJxzcQxxNDAyNTI2NDS0dDQ0BgAfhAOI.csv
D,eJxzcQxxNDAwNjI2MDc0cDU0AAAfXAOB.csv
B,eJxzcQxxNLAwMDI2NDQ0dTQ2BQAfigOJ.csv
A,eJzzCzM0NDMyNjQ0MnI0MAEAGCMDDQ==.csv
D,eJxzcQxxNDAxNjI2NDSydDEyBAAflAOL.csv
C,eJzzCzU0MTMyNjQyMHc2MAQAGEoDEg==.csv
A,eJxzcQxxNDA3NjI2NDSydDU0AgAftwOP.csv
B,eJxzcQxxNDAyMTI2NDI0dDY2AAAfZwOB.csv
B,eJxzcQxxNDC3NDI2NDS0dDIyBwAf7AOX.csv
D,eJxzcQxxNDCwMDI2MDewdDGwBAAfsQOV.csv
B,eJxzcQxxNLA0MzI2NDQyczcyBgAf6AOV.csv
A,eJxzcQxxNDCzMDI2MDMyczWwAAAf7QOZ.csv
B,eJxzcQxxNDC2MDI2NDIycjU0AQAfqQOM.csv
A,eJzzCzM0NDcyNjQ0MnU0sAQAGD4DFg==.csv
A,eJxzcQxxNDA2NzI2NDQ0cTM0AwAfoQOO.csv
B,eJxzcQxxNDA2NzI2BAJHYyMAH4YDhA==.csv
B,eJxzcQxxNDAwMzI2NDQycjMyAwAfdQOK.csv
C,eJxzcQxxNDC2NDI2NDQ2cDMyBAAfrAOK.csv
B,eJxzcQxxNDAzNDI2NDQ0dTMyBwAfjQOO.csv
B,eJxzcQxxNDA2NDI2NDQ0czM2AQAfbwOK.csv
D,eJxzcQxxNDA3MDI2NDS0dDMyAgAfmQON.csv
A,eJzzCzM0MDIyNjQyMHcysAQAGAgDEg==.csv
A,eJxzcQxxNDA2NzI2NDQ0djE0AAAfkQOF.csv
B,eJxzcQxxNDAzNzI2NDS0cDI2AQAfyAOR.csv
B,eJxzcQxxNDAzNzI2NDS0cDIyBwAfyQOT.csv
B,eJzzCzU0MTUyNjQ0NHc0sgQAGEUDGQ==.csv
D,eJxzcQxxNDAzMTI2NDQ0djUyAgAfmwOJ.csv
A,eJxzcQxxNDCxNDI2NDQycjQ0AwAfrgOL.csv
D,eJxzcQxxNDAyNjI2NDQydzI0BAAfbgOE.csv
C,eJzzCzU0szAyNjQyNHE0NAcAGG8DGQ==.csv
B,eJxzcQxxNLAwMDI2NDS0dDEwBgAfmwOL.csv
B,eJxzcQxxNDA2NDI2NDSycDE2AQAfdgOL.csv
C,eJxzcQxxNDAxNjI2NDI0djU0AAAffQOE.csv
B,eJxzcQxxNDA1NzI2NDS0cDcwBQAfxwOT.csv
A,eJxzcQxxNDA2NzI2NDQydDY0BQAfkAOI.csv
A,eJxzcQxxNDA2NTI2NDQydzMwAQAfmgON.csv
B,eJxzcQxxNDAzNjI2NDS0cDMwBAAfowOL.csv
A,eJzzCzM0MDEyNjQ0NnA2MAMAGAkDDQ==.csv
B,eJzzCzM0NDIyNjQyMHQyNAIAF_YDBw==.csv
B,eJxzcQxxNDA3NzI2NDS0dDawBAAf2QOW.csv
B,eJxzcQxxNDAyNjI2NDQycTUwBwAfbwOJ.csv
B,eJxzcQxxNDAyMDI2NDS0cDY0AQAfVQOF.csv
A,eJzzCzM0NDcyNjQ0MnY0MAYAGDADDg==.csv
A,eJxzcQxxNDC0MDI2NDKwcDQ0AwAflwOM.csv
C,eJzzCzM0NDcyNjQ0MnEyMAEAGDgDEQ==.csv
C,eJzzCzU0MjEyNjQyMHQ2MQAAGA8DCw==.csv
B,eJzzCzU0NTUyNjQ0snA1MgQAGF0DGA==.csv
B,eJxzcQxxNDCzNDI2NDS0dDQyAAAf1wOO.csv
B,eJxzcQxxNDAyMDI2NDQydzO0AAAfYwOM.csv
D,eJxzcQxxNDCxMDI2NDSycDMwAwAfyQOU.csv
B,eJxzcQxxNDA0NTI2NDKwcDIwBwAfewOK.csv
B,eJxzcQxxNDCxMDI2NDQycDMwBAAfpAOH.csv
A,eJxzcQxxNDAzMjI2NDAydjUyAAAfhAOF.csv
B,eJxzcQxxNDCyMDI2NDQ0cjI0BQAfiwOH.csv
B,eJxzcQxxNDC3MDI2NDS0dDI2AwAf4wOW.csv
A,eJxzcQxxNDCxNDI2NDIwdDUwBwAfsQON.csv
A,eJxzcQxxNDA2MTI2NDSycDEwBAAfiwOI.csv
B,eJxzcQxxNDAzMDI2NDIwdDK0BAAfaAOG.csv
B,eJxzcQxxNDC0NDI2NDIydTI0AAAfnAOH.csv
D,eJxzcQxxNLAwNDI2NDA2cDQyAwAfgwOG.csv
A,eJxzcQxxNDAwNTI2NDAyczGwBAAfbgOL.csv
C,eJzzCzU0MTMyNjQyMHc2sAAAGFEDGQ==.csv
B,eJxzcQxxNDC2NDI2NDQ0cTE2BgAfsAON.csv
A,eJxzcQxxNDA2MDI2NDQ0dTGwBAAfWgOI.csv
B,eJxzcQxxNDAyMDI2NDQycDE2AwAfQwOD.csv
A,eJxzcQxxNDA2NzI2NDQydDYyAAAfjQOE.csv
B,eJxzcQxxNDC3NDI2NDSydDOyAAAf_gOd.csv
A,eJzzCzU0NTIyNjQ0tHQzsAQAGEUDHA==.csv
A,eJxzcQxxNDAyMTI2NDQydTE0AQAfeQOI.csv
B,eJxzcQxxNDA2NTI2NDIwdDUwAwAffQOH.csv
E,eJxzcQxxNDA0MTI2MDUwdDYyBQAfZQOF.csv
C,eJxzcQxxNDC0NDI2MDcwdjEwAQAfqQOM.csv
B,eJxzcQxxNDAzMzI2NDQydDY2AwAfrAON.csv
B,eJxzcQxxNDAyMTI2NDI0cjEyAgAfbgOE.csv
B,eJxzcQxxNDAyNTI2NDQ2cDOwAAAffAOK.csv
A,eJxzcQxxNDC0MDI2NDQycDY0BAAffAOC.csv
A,eJxzcQxxNDQwMDI2NDS0dDU0BAAfUgOE.csv
C,eJzzCzU0NTUyNjQysHQ2NAMAGFoDGg==.csv
B,eJzzCzU0MTYyNjQ0MncyMgQAGDEDEQ==.csv
B,eJxzcQxxNDA2NzI2NDSwcDY0BQAfogON.csv
B,eJzzCzU0NjEyNjQ0snA0NAEAGDIDEw==.csv
B,eJxzcQxxNDAyNjI2NDQydzI0AAAfbQOD.csv
D,eJxzcQxxNDA1NDI2MDewcDU2AQAfogOR.csv
D,eJxzcQxxNDCwNDI2MDc0dDQ0AwAflgOK.csv
A,eJxzcQxxNDCxNDI2NDIwczMwBgAfxAOP.csv
A,eJzzCzM0MDYyNjQyMHQyMAQAF_IDBQ==.csv
C,eJxzcQxxNDA3NDI2NDS0dDU2BAAfoQON.csv
B,eJxzcQxxNDCyNDI2BCInYwMAH6ADhw==.csv
D,eJzzCzU0tjQyNjQ0MnIyMgcAGFQDFw==.csv
A,eJxzcQxxNDA1MDI2NDI0djE0BgAfagOE.csv
B,eJxzcQxxNDAxMDI2NDQwdTMwBwAfZAOI.csv
A,eJzzCzM0NDMyNjQ0tHQxMAQAGEADEw==.csv
A,eJxzcQxxNDCwNDI2NDSycDM0AAAfowOM.csv
B,eJxzcQxxNDA2MjI2NDQycTQ2BgAfZgOE.csv
B,eJxzcQxxNDA2NzI2NDQ0djUwBwAfmQOM.csv
D,eJxzcQxxNDCwNDI2MDewcDM0BAAftwOQ.csv
B,eJxzcQxxNDA3MTI2NDQyczQ0BQAfrAOM.csv
D,eJzzCzU0NjAyNgSSjobGABfuAwc=.csv
A,eJxzcQxxNDAzNTI2NDKycDM0AAAfwwOP.csv
E,eJxzcQxxNDAwNDI2MDUwdzOyBAAfYQOO.csv
B,eJzzCzU0NTIyNjQ0NHc2NgYAGDQDFA==.csv
A,eJxzcQxxNDCwNDI2NDQyczI0AwAflQOM.csv
A,eJxzcQxxNDAxMDI2NDQ0djc0AwAfZQOI.csv
A,eJzzCzM0NDcyNjQ0snA1NAYAGFIDGA==.csv
D,eJxzcQxxNLAwNjI2NDA2dDM2AwAfrAOP.csv
D,eJxzcQxxNDAwNTI2NDQycze0BAAffwOQ.csv
B,eJxzcQxxNLAwNDI2NDQycjQ2AQAfjAOH.csv
A,eJxzcQxxNDAzNjI2NDI0djG0AAAfmAON.csv
A,eJxzcQxxNDAzNjI2NDQydDMwBAAfjAOF.csv
C,eJzzCzU0szAyNjQyMHM0MgUAGHIDGQ==.csv
D,eJzzCzM0MDUyNjQ0NHY1NAAAGBcDDA==.csv
C,eJxzcQxxNDA2NzI2NDQ0cjMwAwAflwOL.csv
B,eJxzcQxxNDAzMzI2NDQydjIyBwAfsAOO.csv
B,eJxzcQxxNLAwNjI2MDewcDYwAwAfzQOT.csv
C,eJzzCzU0MTYyNjQyNHE2MAEAGCgDEA==.csv
D,eJxzcQxxNDA1NjI2NDSycDIwAwAflgOM.csv
B,eJxzcQxxNDAyMTI2NDIwdzU2BgAfgwOL.csv
A,eJxzcQxxNDAzNjI2NDQydjI0BgAfjAOG.csv
A,eJxzcQxxNDA0NzI2NDQydDIwAQAfdAOD.csv
B,eJxzcQxxNDA1NDI2NDIwdDE0BQAfaQOE.csv
B,eJxzcQxxNDC3MDI2NDS0dDQyBwAf3wOV.csv
B,eJxzcQxxNDA0MTI2NDIyczMwAQAffAOK.csv
C,eJxzcQxxNDAxNjI2NDI0djUwAwAfgQOJ.csv
A,eJzzCzU0NzAyNjQyMHM2MgIAGDADEQ==.csv
A,eJxzcQxxNDAzNjI2NDI0djE0BgAfkwOI.csv
B,eJxzcQxxNDAzNDI2NDQ0cTYyBwAfgAOK.csv
A,eJxzcQxxNLCwNDI2NDQycjEwBwAf4gOS.csv
A,eJxzcQxxNDCxNDI2NDSydDI0AAAfxwON.csv
D,eJxzcQxxNDAwNDI2NDQycDEwBAAfLAN6.csv
C,eJxzcQxxNDAxNjI2NDKycDI0BQAfkgOM.csv
B,eJzzCzU0MTEyNjQ0snAzMAYAGEkDFw==.csv
C,eJxzcQxxNLAwNDI2NDI0cjUwBwAflgOL.csv
C,eJxzcQxxNDC1MDI2NDQ0czMyBQAfygOT.csv
D,eJxzcQxxNDA1NTI2NDQ0dzMwBAAfqAOL.csv
A,eJxzcQxxNDAxMzI2NDQycTEwBAAfmgOH.csv
A,eJxzcQxxNDA0NzI2NDSycDQyAAAfjQOH.csv
A,eJxzcQxxNDAxMDI2NDQ0cDE0BwAfUQOD.csv
A,eJxzcQxxNDA2MDI2NDIwcjIwBQAfRQN_.csv
A,eJxzcQxxNDC2MDI2NDS0cDQwAwAfqgON.csv
B,eJxzcQxxNLAwMDI2NDQ0dzE0BAAfkwOI.csv
B,eJxzcQxxNDA0NTI2NDQ0dzY0BAAfdQOF.csv
A,eJxzcQxxNDA3NjI2NDS0cDIyAwAfqwOP.csv
A,eJxzcQxxNDAxMDI2NDQ0cDY2AAAfSwN9.csv
A,eJxzcQxxNDA1MDI2NDAyczYyAgAfbQOF.csv
A,eJzzCzM0NDYyNjQ0MnYxNAIAGBIDDQ==.csv
B,eJxzcQxxNDAyMDI2NDIydTI2BAAfUgOC.csv
C,eJzzCzU0NTAyNjQ0MnE0NgQAGBEDDA==.csv
B,eJxzcQxxNDC2NDI2NDIwcTYwAQAfqQOK.csv
B,eJxzcQxxNDC0MDI2NDI0cDY2BgAfgwOG.csv
B,eJxzcQxxNDCyNDI2NDQycDQ2BQAfkwOI.csv
D,eJxzcQxxNDA1MDI2NDS0dDEyAgAffQOJ.csv
B,eJzzCzU0NjYyNjQ0NHIzsgQAGCEDFg==.csv
C,eJzzCzU0MTYyNjQysHA1MAYAGDgDFA==.csv
D,eJzzCzM0NDYyNjA3sHAzMAQAGDwDFQ==.csv
A,eJxzcQxxNDAwMTI2NDQwczEwBQAfXAOF.csv
D,eJzzCzU0MzAyNjQ0Mnc2MgIAGC0DEg==.csv
B,eJxzcQxxNDA2NTI2NDIwcTQwBQAffAOF.csv
B,eJxzcQxxNLAwMDI2NDQ0cTQ2AgAfgwOF.csv
A,eJzzCzU0NzAyNjQyMHM2NAAAGCwDDg==.csv
C,eJxzcQxxNDA3NTI2NDIwdzU2AQAfxQOS.csv
A,eJxzcQxxNLCwMDI2NDQydjKwAAAf1wOR.csv
A,eJxzcQxxNDAyNjI2NDS0cDIwAwAfcAOI.csv
A,eJxzcQxxNDAwMTI2NDKwdDE0AgAfbQOH.csv
B,eJxzcQxxNDC3NDIxMDQwdjQyBQAfywON.csv
B,eJxzcQxxNDAzMzI2NDQycjM2BAAftAOM.csv
C,eJzzCzU0NzQyNjQ0NnAyMAEAGCYDDQ==.csv
B,eJzzCzU0tTQyNjQyMHY1MgcAGHMDHA==.csv
B,eJxzcQxxNDA3MTI2NDQycDQ0BQAflAOG.csv
A,eJxzcQxxNLC0MDIxMDQwcTI0AgAf2QOM.csv
A,eJxzcQxxNDC2NDI2NDQydjS0AAAfqQON.csv
D,eJzzCzU0MjAyNjQ0MnQ1MgIAF-8DCg==.csv
B,eJxzcQxxNDA1MTI2NDQydzM0BAAfpQOM.csv
B,eJxzcQxxNLA0MzI2NDS0dDc2BgAf8QOY.csv
A,eJxzcQxxNDAzNDIxMDQwdjI0AAAfbAN_.csv
C,eJxzcQxxNDAzMzI2NDQycjU2AgAfsgOM.csv
A,eJxzcQxxNDAyNjI2NDQ2cDUwAQAfYQOD.csv
A,eJxzcQxxNDC2NDI2NDQ0cjYyAQAfpAOK.csv
D,eJxzcQxxNDA0MjI2MDc0cDE2AgAfYAOE.csv
B,eJxzcQxxNDA0NTI2NDS0cDK0BAAffgON.csv
B,eJxzcQxxNDQwMDI2NDIwdzI2BgAfSAOD.csv
D,eJzzCzU0MjUyNjQ0snAyMgEAGDYDFQ==.csv
B,eJxzcQxxNDC2NDI2NDIwdDQ2AAAfmQOE.csv
D,eJxzcQxxNLA0MDI2NDSycDSyAAAfpwOQ.csv
A,eJxzcQxxNDA1NjI2NDSydDQ2AAAflwOJ.csv
C,eJxzcQxxNLAwMDI2NDQ0cjEyBAAfgQOE.csv
A,eJxzcQxxNDAxMDI2NDQ0dzM0BwAfcwOM.csv
A,eJxzcQxxNDAzNTI2NDQycjE2AgAfpQOK.csv
A,eJzzCzU0NTcyNjQ0NHY0MgAAGEsDDw==.csv
D,eJzzCzU0NTUyNjQ0snAxMAUAGFoDGQ==.csv
B,eJxzcQxxNDA0NTI2NDI2cDK0AAAfbQOH.csv
B,eJxzcQxxNDCwMDI2NDQydDQ2BgAfdQOE.csv
D,eJxzcQxxNDCxNDI2NDAyczMyBQAfyAOT.csv
D,eJxzcQxxNDC2NDI2NDSydDI0BAAfvQON.csv
B,eJzzCzU0MTIyNjQ0MnUzNAEAGCwDFA==.csv
B,eJxzcQxxNDA3NjI2NDSydDU2AgAfuwOR.csv
B,eJxzcQxxNDA2NDI2NDQyczWyAAAfcwON.csv
A,eJxzcQxxNDCxNDI2NDQ0dzM0BwAfzQOV.csv
A,eJxzcQxxNDC0MDI2NDI0cTGwAAAflQON.csv
A,eJxzcQxxNLAwMTIxMDQwdjQwAwAfoQOI.csv
D,eJxzcQxxNDAwNjI2MDc0cDU0AQAfYAOF.csv
B,eJxzcQxxNDAwMjI2NDQycDQ2AAAfMgN6.csv
B,eJxzcQxxNDA1MTI2NDQycDQyAAAfewOA.csv
D,eJzzCzU0NTUyNjA3sHA0NAQAGGIDFg==.csv
B,eJzzCzU0MTAyNjQ0MnYxMQAAGAwDDQ==.csv
A,eJxzcQxxNDA0NzI2NDQ2cDawAAAffAOI.csv
B,eJxzcQxxNDAxMDI2NDIycTewAAAfdAOM.csv
B,eJxzcQxxNDA2NDI2NDQyczIyBQAfZwOH.csv
B,eJxzcQxxNDAwNjI2NDIycTI0AgAfUwOB.csv
C,eJzzCzU0sjAyNjAzsnQyNAUAGG4DHQ==.csv
A,eJxzcQxxNDAzNDI2MDewdDQ2AwAfpwOR.csv
A,eJxzcQxxNDA2MzI2NDS0cDEyAAAfnQOK.csv
A,eJxzcQxxNDA3NjI2NDQycDUyAwAfmQOL.csv
A,eJxzcQxxNDA2MDI2NDIwcjIyAgAfRgN-.csv
B,eJxzcQxxNDA1NzI2NDS0cDe0AAAfzAOX.csv
B,eJxzcQxxNDA2MDI2NDQ0czGwBAAfXgOJ.csv
B,eJxzcQxxNDC2MDI2NDKwcDY2BQAftgOR.csv
C,eJxzcQxxNDAxNjI2NDKycDW0AAAfngOS.csv
B,eJxzcQxxNDAxMDI2NDQwdTM0BAAfYAOD.csv
D,eJzzCzU0NTcyNgQCR0MLABhJAxQ=.csv
B,eJxzcQxxNDCyMDI2NDS0dDI0BgAfpQOM.csv
B,eJxzcQxxNDAyNTI2NDS0dDQyBQAfiAOL.csv
A,eJzzCzM0MDUyNjQysnQ1MAQAGDkDFA==.csv
D,eJxzcQxxNDAyNzI2NDQycjc0BgAfkwOK.csv
A,eJxzcQxxNDA1MDI2NDKwdDQyAwAfeQOK.csv
B,eJxzcQxxNDAzMjI2NDAycTIwAQAffwOF.csv
A,eJxzcQxxNLA0MTI2NDIwdDQyAgAfqQOG.csv
C,eJxzcQxxNDA1NDI2NDI0cTQ2BgAfcwOF.csv
C,eJzzCzU0szAyNjQ0NnA1NAIAGGoDFQ==.csv
D,eJzzCzU0NjYyNjA3NHAzMAQAGCoDDw==.csv
A,eJxzcQxxNDC2NDI2NDI0dDKwBAAfpAOM.csv
D,eJxzcQxxNDAwMTI2NDI0cDYwAwAfTQOB.csv
A,eJxzcQxxNDA2NzI2NDQ0cjEwBwAfkgOK.csv
A,eJxzcQxxNLCwMDI2NDSycDW0AAAf9gOa.csv
B,eJxzcQxxNDCzNDI2NDS0dDc0BgAf6gOW.csv
D,eJxzcQxxNDCwNDI2MDcwcTM0AwAfrAOR.csv
A,eJxzcQxxNLAwNzI2NDQydDI0BgAfwgOK.csv
C,eJxzcQxxNDAxNjI2NDI0djU0BAAffgOF.csv
D,eJzzCzU0MTQyNjQ0Mnc1tAQAGCwDGQ==.csv
B,eJxzcQxxNDAyMDI2NDIydTI2AAAfUQOB.csv
A,eJxzcQxxNDA2MDI2NDS0cDSwBAAfXQOI.csv
A,eJxzcQxxNDAzNTI2NDS0cDU2AgAfuwOQ.csv
C,eJxzcQxxNLA0MjI2NDIwdzayAAAfuQOS.csv
D,eJxzcQxxNDA1MjI2MDMycjEyBgAfkgOK.csv
A,eJxzcQxxNDCwNDI2NDI2cDU0AwAfkQOL.csv
A,eJxzcQxxNDA0NDIGYiNXYzMAH00Dhg==.csv
C,eJzzCzU0MjEyNjQyMHQ2NgUAGBIDDw==.csv
D,eJzzCzU0NTcyNjQ0MnM0sAAAGGADGQ==.csv
A,eJxzcQxxNLCwMDI2NDQycDY0BwAfzwOP.csv
A,eJxzcQxxNDAyNjI2NDSydDIwBwAfegOL.csv
B,eJxzcQxxNDA0NjI2NDS0cDMyAQAfcwOL.csv
D,eJxzcQxxNDAyNDI2NDSydDI0BwAfaAOK.csv
D,eJzzCzU0MjcyNjQ0tHQyNgYAGEoDFw==.csv
C,eJzzCzU0NTUyNjQyNHExMgAAGEoDEg==.csv
D,eJxzcQxxNDAzMzI2NDQycjY2BQAfrwON.csv
B,eJxzcQxxNDAyNjI2NDQydzIwBwAfcgOJ.csv
B,eJzzCzU0szAyNjQyMHM2MgIAGHUDGA==.csv
A,eJxzcQxxNDA2NzI2NDSycDQ0BgAfpAOL.csv
B,eJxzcQxxNDC2NDI2NDQydzMyBAAfwwOQ.csv
D,eJxzcQxxNDC0NDI2MDcwdjEyBwAfsAOR.csv
B,eJzzCzU0NTMyNjQyMHQ0NAUAGD0DEA==.csv
B,eJxzcQxxNLC0MDI2NDS0dDOwBAAgAgOc.csv
A,eJxzcQxxNDAzNjI2NDIwdDE0AwAfiQOI.csv
B,eJxzcQxxNDCyMDI2NDS0dDI0AwAfqAOP.csv
C,eJzzCzU0NTAyNjQ0MnE0NgIAGBIDDQ==.csv
B,eJzzCzU0MTcyNjQ0MnM0tAAAGFcDGQ==.csv
C,eJzzCzU0NzAyNjQyMHY1MAIAGCYDDg==.csv
D,eJzzCzU0NTUyNjQ0snAxMAEAGFkDGA==.csv
B,eJxzcQxxNLA0NzI2NDQycDI2BAAfywOK.csv
C,eJzzCzU0MzAyNjQysHA0NAUAGCgDEg==.csv
C,eJzzCzU0sTAyNjQysHA1NAAAGGkDFw==.csv
D,eJxzcQxxNDAwNTI2MDM2cDQwAwAfbAOF.csv
A,eJxzcQxxNDCxNDI2NDQycjQwBgAfqQOH.csv
B,eJxzcQxxNDAzNDI2NDSwdDE2AAAfjQOJ.csv
B,eJzzCzU0MjcyNjQ0snA0sAQAGEgDGQ==.csv
B,eJxzcQxxNDA2NAIiA3NXIzMAH3EDiw==.csv
B,eJxzcQxxNDAwNjI2MDc0cDU0BgAfXwOE.csv
C,eJzzCzU0MTUyNjQyMHMxNAcAGEcDGA==.csv
A,eJxzcQxxNLAwNjI2NDQ2cDIwAgAfmAOE.csv
D,eJzzCzU0NTUyNjA3sHA0tAQAGGoDHg==.csv
B,eJxzcQxxNDC3MDI2NDS0dDI2AgAf3wOS.csv
B,eJxzcQxxNDCyMDI2NDS0dDIwAQAfpAOM.csv
B,eJxzcQxxNDCxNDI2MDc0cDU0AwAfygOR.csv
A,eJxzcQxxNDAxMzI2NDIwczI0AwAfnwOM.csv
B,eJxzcQxxNLA0MDI2NDQ0dzI0AwAfnQOM.csv
D,eJzzCzU0MTQyNjQyMHc0MAIAGBMDDA==.csv
C,eJzzCzU0MTcyNjQysHQ0MAIAGFcDFA==.csv
B,eJxzcQxxNDCzMDI2NDCycDQ2AQAfzgOR.csv
A,eJxzcQxxNDC3NDI2NDI0cTQwBQAf1QOO.csv
C,eJzzCzU0MTUyNjQyMHc0NAMAGEEDFQ==.csv
A,eJxzcQxxNDCxNDI2NDSydDI0AwAfzQOT.csv
B,eJxzcQxxNDC3NDI2NDIwcza0BAAf5AOW.csv
A,eJxzcQxxNDAzMzI2NDQydDE0BQAfqgOL.csv
A,eJxzcQxxNDA2NzI2NDQ0cTYyAAAflAOG.csv
A,eJxzcQxxNDAzNDI2NDQycTM0BgAfiAOJ.csv
B,eJxzcQxxNLAwMDI2NDIycTYwBQAfkQOJ.csv
B,eJxzcQxxNDA3MTI2NDQycDQwBQAfkgOF.csv
A,eJxzcQxxNDA1MDI2NDIwdjIyAAAfXgN_.csv
B,eJxzcQxxNLAwMDI2NDIycTUyAgAfmAOK.csv
A,eJxzcQxxNLC0MDI2NDKwdDSyBAAf-AOZ.csv
B,eJxzcQxxNDC3NDIxMDQwdjQ0BQAfyQOM.csv
A,eJxzcQxxNDAxMDI2NDS0cDIyAgAfaAOF.csv
A,eJxzcQxxNDCwMDI2NDQydTcyAwAfmAOQ.csv
B,eJxzcQxxNDCxNDIxMDQwdjIyAQAfrAOK.csv
D,eJzzCzU0MzAyNjQysHA0NAcAGCoDFA==.csv
B,eJxzcQxxNDC2NDI2NDIwdjQyAgAfoQOH.csv
A,eJxzcQxxNLCwMDI2NDQycDY0AgAfygOK.csv
D,eJzzCzU0NTAyNjQ0MnIytAQAGBADEQ==.csv
A,eJzzCzM0sDQyNjQyMHMxMAIAGEkDEw==.csv
B,eJxzcQxxNDC2NDI2NDSycDE0AAAfvgON.csv
C,eJzzCzU0szAyNjQyNHE1MgMAGHwDHQ==.csv
B,eJxzcQxxNLA0MDI2NDQ0dzIyBAAfmgOI.csv
B,eJzzCzU0NTYyNjQ0tHQ2tgAAGEsDHA==.csv
B,eJxzcQxxNDAyNTI2NDS0dDQyBAAfhAOH.csv
D,eJxzcQxxNDA2MDI2NDQ0cjM2AQAfVQOF.csv
D,eJxzcQxxNDA3NDI2NDSycDIyAQAfmgOM.csv
A,eJxzcQxxNDAyMDIxMDQwcTQ0AwAfPQOA.csv
C,eJxzcQxxNDA0MjI2MDc0cDcyBAAfZgOF.csv
A,eJxzcQxxNLC0MDI2NDQycDWyAAAf4wOU.csv
C,eJxzcQxxNDA1NDIGIWdjMwAfegOJ.csv
B,eJzzCzU0MTMyNjQ0MnMyNAAAGEgDEQ==.csv
B,eJxzcQxxNDC0MDI2NDQydzIwAwAfmAOM.csv
C,eJzzCzU0NzQyNjQ0NnAyMAIAGCQDCw==.csv
B,eJxzcQxxNDAzNDI2NDQ0czY2AAAfgwOG.csv
A,eJxzcQxxNDAyMDIxMDQwcTS0AAAfPwOC.csv
B,eJxzcQxxNDA0MDI2BCIXA2MAHz4Dfw==.csv
B,eJxzcQxxNDAzMzI2NDQycDMyBgAfrAOL.csv
B,eJxzcQxxNDC3NDI2NDSycDGwAAAf8AOY.csv
D,eJxzcQxxNLAwMDI2MDMycTU2AwAfrwOS.csv
D,eJxzcQxxNDA2NzI2NDQ0cTM0BgAfngOL.csv
A,eJxzcQxxNDA2NTI2NDIwcTUwBAAfhAOF.csv
A,eJzzCzM0NDcyNjQ0MnY0NAAAGC8DDA==.csv
B,eJxzcQxxNDA0MDI2NDS0cDMwBQAfUgOH.csv
B,eJxzcQxxNDAzMzI2NDQydjU2BgAftwOO.csv
D,eJxzcQxxNLA0NDI2NDQycjYwAgAflQOF.csv
B,eJxzcQxxNDAzNDI2NDQ0dzIyAQAfhgOJ.csv
B,eJzzCzU0NTcyNjQ0MnM0MAYAGFsDFA==.csv
D,eJzzCzU0MzIyNjA3MHI2NgUAGEUDFg==.csv
B,eJxzcQxxNDAzMzI2NDQycDY2AAAfogOG.csv
B,eJxzcQxxNDA2NzI2BAJHY1MAH4kDhw==.csv
B,eJxzcQxxNDCxMDI2NDQ0dzUwBgAfugOO.csv
B,eJxzcQxxNDAyMTI2NDIwdzWyBAAfhwOQ.csv
C,eJzzCzU0szAyNjQyMHM1NAUAGHwDHA==.csv
A,eJzzCzM0NDYyNjQ0tHQ1NAYAGCkDFA==.csv
D,eJxzcQxxNDC0NDI2NDQycDIwBAAfgQOB.csv
C,eJzzCzU0NTAyNjQ0MnY2MAYAGA8DDA==.csv
B,eJxzcQxxNDAzNTI2NDQycjEwAwAfowOL.csv
B,eJxzcQxxNDA3NjI2NDSydDQyBAAfrAOL.csv
D,eJzzCzU0tjAyNjA3MHE0NAcAGGADGQ==.csv
B,eJxzcQxxNDA0NjI2NDS0cDM2AwAfdwOO.csv
B,eJxzcQxxNDAxMDI2NDIycTc0AgAfcAOH.csv
A,eJxzcQxxNDAwMTI2NDIyczQ0BwAfZwOI.csv
D,eJzzCzU0MjYyNjQyMHUyNAUAGBEDDw==.csv
A,eJxzcQxxNDAxMDI2NDQycDI2AAAfTQN9.csv
B,eJxzcQxxNDA2MTI2NDQycDQwAwAfZwOC.csv
B,eJxzcQxxNDC3MDI2NDKydDEyBwAf8wOa.csv
A,eJxzcQxxNDAwMzI2NDIwczIwBwAfcgOI.csv
A,eJxzcQxxNDAwMzI2NDS0dDI0AwAffgOL.csv
C,eJzzCzU0szAyNjQyMHM0NgUAGHQDGg==.csv
B,eJxzcQxxNDAzMjI2NDQ0cTEyBQAfiwOK.csv
D,eJxzcQxxNDAzMDI2NDAyczUyAgAffgOI.csv
B,eJxzcQxxNDAzMTI2NDQ0cTU0BwAfogOO.csv
A,eJzzCzM0MDEyNjQ0NnA2NAEAGAkDDA==.csv
D,eJzzCzU0szAyNjQysHA1MgUAGIYDHw==.csv
D,eJxzcQxxNDAzNDI2NDQ0dzIyAgAfhAOH.csv
B,eJzzCzU0MjYyNjQ0MncxMAIAGB4DEA==.csv
C,eJzzCzU0szAyNjQyMHM1NAMAGH0DHQ==.csv
B,eJxzcQxxNDAzMzI2NDS0dDU2BAAfyAOR.csv
D,eJzzCzU0MTMyNjQ0MnMyMAQAGEcDEQ==.csv
B,eJxzcQxxNLAwNDI2NDQycjU0AAAfkAOF.csv
B,eJxzcQxxNDA0NTI2NDI0djU2BQAfeQOK.csv
B,eJxzcQxxNDC2NDI2NDQycjUyBwAfsgOQ.csv
B,eJxzcQxxNDAzNzI2NDQ2cDM0AwAfvAOP.csv
D,eJzzCzU0NjYyNjA3NHAzMAcAGDADFQ==.csv
D,eJxzcQxxNDAzMjI2NDIwdzIyAgAfjwOI.csv
B,eJxzcQxxNDAwNjI2NDI0djUwBgAfUgOC.csv
B,eJzzCzU0MjMyNjQ0MnA0sAAAGB0DDw==.csv
C,eJzzCzU0szAyNjQysHA1sAQAGIYDIQ==.csv
B,eJxzcQxxNDAyMzI2NDS0dDI2BQAflwOO.csv
A,eJxzcQxxNLCwMDI2NDSycDUyBQAf9QOY.csv
A,eJxzcQxxNDCwMDI2NDKwcDKyAAAfkwOP.csv
A,eJxzcQxxNDCzNDI2NDS0cDEwBAAf2QOP.csv
C,eJxzcQxxNDAzMzI2NDQycDE2AgAfpwOJ.csv
D,eJxzcQxxNLAwNDI2NDQ0dzYwAwAfnQOM.csv
D,eJxzcQxxNDAxNzI2NDQ0czO0AAAftgOT.csv
C,eJxzcQxxNDC2MDI2NDIycjU0AgAfpwOK.csv
B,eJxzcQxxNDA0NTI2NDQydjM0AgAfdAOG.csv
C,eJxzcQxxNLAwMjI2NDQwdDU0AgAfjgOF.csv
B,eJzzCzU0MjEyNjQ0MnM2sgQAGCwDGA==.csv
B,eJzzCzU0MjEyNjQ0tHQ0sgAAGCwDFw==.csv
B,eJxzcQxxNDC2MDI2BAInAzMAH5EDhw==.csv
A,eJzzCzU0MTUyNjQyNnA3tgQAGE0DHA==.csv
A,eJxzcQxxNDA0NDI2NDS0dDEwBwAfXAOJ.csv
A,eJxzcQxxNDA1MTI2NDI2cDI2AAAfiwOE.csv
B,eJxzcQxxNDA2MDI2NDQ0dzI0BAAfVgOB.csv
B,eJxzcQxxNDA2NzI2NDSwcDawBAAfpAOQ.csv
A,eJxzcQxxNDAzNjI2NDI0cjK0AAAfjgOK.csv
A,eJxzcQxxNDA2NzI2NDQyA7IAH5oDiA==.csv
B,eJzzCzU0MjMyNjQ0MnA0MAcAGBwDDg==.csv
C,eJzzCzU0MTMyNjQyMHc2sAQAGFIDGg==.csv
B,eJxzcQxxNLAwNzI2NDQ2cDYwAQAfxQOL.csv
B,eJxzcQxxNDCxMDIxMDQwdjQ2AQAfoQOJ.csv
A,eJxzcQxxNDAxMDI2NDQ0dzM2AAAfcAOH.csv
B,eJxzcQxxNDA0MzI2NDS0cDIwBgAfgAOH.csv
A,eJxzcQxxNDA2MTI2NDQycDQ2AAAfZwN_.csv
A,eJxzcQxxNLC0MDI2NDS0dDayAAAf_AOa.csv
A,eJxzcQxxNDAyMDI2NDI0cTa0AAAfTwOG.csv
D,eJxzcQxxNDAwNjI2NDIycTI0BAAfUgOA.csv
D,eJzzCzU0MzcyNjA3sHQ2sAQAGJEDIw==.csv
A,eJxzcQxxNDA1MDI2NDI0djEyAAAfaQOC.csv
D,eJxzcQxxNDA0MjI2MDcwcjEwAgAfXQOC.csv
C,eJzzCzU0NzAyNjQyMHIxMAIAGB8DDA==.csv
B,eJxzcQxxNDAxNTI2NDS0cDQwBAAfkgOG.csv
D,eJxzcQxxNDAyNjI2NDKycDY0BgAffQOJ.csv
A,eJxzcQxxNDAwMzI2NDSydDQwBwAffwOL.csv
B,eJxzcQxxNDAyNzI2NDS0cDe0AAAfqwOU.csv
B,eJzzCzU0MTAyNjQ0MnYxMQQAGA0DDg==.csv
A,eJxzcQxxNDAzNDIxMDQwdjY0BgAfcgOD.csv
B,eJxzcQxxNDC3NDIxMDQwdjQ0BwAfywOO.csv
C,eJzzCzU0NTAyNjQyMHQ2NAQAGAMDCA==.csv
A,eJxzcQxxNDC0MDI2NDIwdjQ0AAAffQOB.csv
B,eJxzcQxxNDAzMzI2NDQycDI2AQAfowOJ.csv
A,eJxzcQxxNDC2NDI2NDIwcTM0BgAfswON.csv
A,eJzzCzU0NTIyNjQ0tHQzNAEAGEIDGA==.csv
A,eJxzcQxxNDAwMTI2NDIwdzIwAQAfXwOE.csv
B,eJxzcQxxNDAxNjI2NDKwcDQwBgAfgQOG.csv
D,eJzzCzM0sDAyNjQ0MnQ1MAIAGDIDDw==.csv
B,eJxzcQxxNDA2NzI2NDQ0djUwAQAflgOJ.csv
A,eJxzcQxxNDCwNDI2NDIydjY0BAAfjQOG.csv
A,eJzzCzU0MjMyNjQ0tHQxNgcAGEoDHA==.csv
D,eJzzCzU0MTIyNjQyMHI0tgAAGBUDEQ==.csv
A,eJzzCzM0MDEyNjQ0MnAxsAAAGAkDDw==.csv
C,eJzzCzU0MjYyNjQyNHYxtAAAGBcDEw==.csv
C,eJzzCzU0MTYyNjQyMHM1NAIAGDEDEg==.csv
B,eJxzcQxxNDA2NDI2NDQycjQyAwAfVQOD.csv
B,eJxzcQxxNDAzMzI2NDIwdTE2AwAfuwOR.csv
B,eJzzCzU0NTYyNjQ0tHQ2MQQAGEYDFg==.csv
C,eJxzcQxxNDA0NTI2MDMydTEwAgAfiwOJ.csv
A,eJxzcQxxNLCwMDI2NDSydDY2AwAf9gOZ.csv
A,eJxzcQxxNDC0MDI2NDQydDUwBwAfigOK.csv
B,eJxzcQxxNDCyMDI2NDS0cDM2AQAfsgOS.csv
B,eJxzcQxxNDCxMDIxMDQwdjQwBQAfnAOH.csv
B,eJxzcQxxNDAzNjI2NDQycDIwBAAffAOA.csv
D,eJzzCzU0sTAyNjQwsnA0sAQAGGIDGw==.csv
B,eJxzcQxxNDAzMzI2NDQydDEyBwAfrgOO.csv
B,eJxzcQxxNDCwNDI2NDQydDI0BQAfgAOG.csv
B,eJxzcQxxNDA2MjI2NDIydTQwAwAfbQOG.csv
A,eJxzcQxxNDA2MTIxMDQwcTQ0AwAfcAOF.csv
A,eJxzcQxxNDC0MDI2NDQ2cDIwBwAfggOH.csv
B,eJxzcQxxNDA1NzI2NDQ0dzGyBAAfwgOV.csv
D,eJzzCzM0NDIyNjQyMHc0MAcAGA4DEA==.csv
B,eJzzCzU0NTUyNjQ0snA3NgQAGGUDGw==.csv
A,eJxzcQxxNDA1MDI2NDAydzQwBwAfbAOH.csv
D,eJxzcQxxNDC2MDI2NDIyczIwBAAfqwOJ.csv
B,eJxzcQxxNLAwNDI2NDS0dDIyAAAfoAOJ.csv
D,eJzzCzU0szAyNjQyNHE1NgEAGHwDHA==.csv
B,eJxzcQxxNDC2NDI2NDQ2cDU2BAAfqwOK.csv
A,eJxzcQxxNDAzMjI2NDQyczQ2AAAfjAOG.csv
B,eJxzcQxxNDAwNjI2NDIycTYwBQAfVwOE.csv
B,eJxzcQxxNDA1NTI2NDIwczIyBgAfnwOK.csv
A,eJxzcQxxNDA1MDI2NDIycTMyBwAffwON.csv
A,eJxzcQxxNDAzMjI2NDQ0dTYwAwAfiQOJ.csv
B,eJxzcQxxNLAwMDI2NDIycTI2AwAflQOM.csv
C,eJxzcQxxNDAzMzI2NDQydjY2AgAfsAOL.csv
A,eJxzcQxxNDAzMjI2NDI0cDK0AAAffAOH.csv
C,eJzzCzU0NTAyNjQ0NnAxMgcAGBMDEQ==.csv
A,eJxzcQxxNDAzNTI2NDI2cDQ0AAAfmQOD.csv
B,eJxzcQxxNDAyMDI2NDQ2cDQ2AwAfPwOB.csv
B,eJzzCzU0MjUyNjQ0snAyMAMAGDQDFQ==.csv
A,eJxzcQxxNDC3NDI2NDI0cTQ0BgAf1QON.csv
A,eJxzcQxxNDC2MDI2NDIyczI0AAAfrAOJ.csv
A,eJxzcQxxNDAxMzI2NDS0cDE0AwAfrAOQ.csv
B,eJxzcQxxNDAzNzI2NDQydzc0AwAf1gOW.csv
B,eJxzcQxxNDAzNDI2NDQ0dTM2AAAfiAOI.csv
A,eJxzcQxxNDA2NTIxMDQwdjI0BgAfdgOD.csv
C,eJxzcQxxNDAxNDI2NDIwdzEwAQAfcwOH.csv
B,eJxzcQxxNDA1NzI2NDS0cDc0BgAfxwOS.csv
B,eJxzcQxxNDAyNjI2NDQydzI2AwAfdwOL.csv
C,eJzzCzU0MTUyNjQyMHI0MAEAGCkDDQ==.csv
A,eJxzcQxxNDAyMTI2NDI0dDQ0AQAfYQOB.csv
B,eJxzcQxxNLAwNDI2NDQycDI2BgAfhgOF.csv
C,eJzzCzU0sjAyNjQyMHU2MAMAGEUDFQ==.csv
A,eJxzcQxxNLAwMTI2NDIydzMyBwAf1AOX.csv
A,eJxzcQxxNDA2NzI2NDSydDY0AAAfqwOL.csv
B,eJzzCzM0MDIyNjQyMHI1NAIAF_gDCg==.csv
B,eJxzcQxxNDC1MDI2NDS0cDMwAgAfywOQ.csv
D,eJxzcQxxNDAwNjI2MDc0cDWwBAAfYwOJ.csv
B,eJxzcQxxNDA2NDI2NDQycjQ2BgAfVAOB.csv
A,eJxzcQxxNDCwNDI2NDI0dTI0AgAfjgOH.csv
A,eJxzcQxxNLAwNDI2NDA2cDQyBwAfhAOH.csv
C,eJzzCzU0NjYyNjQyMHQzNAcAGBoDEg==.csv
B,eJxzcQxxNLA0MDI2NDQ0dzKwBAAfngOO.csv
D,eJxzcQxxNLAwNDI2NDQ0dzY0AgAfmwOJ.csv
B,eJzzCzM0MDIyNjQyMHcyNAYAGAQDDQ==.csv
A,eJxzcQxxNLAwMDI2NDAyczYwBAAfiQOF.csv
A,eJzzCzM0NDcyNgSSzgYWABhGAxg=.csv
B,eJxzcQxxNDC3NDI2NDQ2cDE2BQAf2AOR.csv
B,eJxzcQxxNDA0NjI2NDAycTQ2BAAfUgOA.csv
B,eJzzCzU0tTQyNjQyNnA1tgQAGHoDHw==.csv
C,eJxzcQxxNDAzMzI2NDS0dDQ2BAAfvAON.csv
A,eJxzcQxxNLCwNDI2NDQydjWyAAAf7gOX.csv
C,eJzzCzU0MTAyNjQ0MnYxtgQAGBMDFQ==.csv
B,eJxzcQxxNDA1NDI2NDIwczewBAAfiAOP.csv
B,eJxzcQxxNDAzNjI2NDA2dDY0BQAfiAOH.csv
A,eJxzcQxxNDC3NDI2NDS0dDQwBAAf3wOO.csv
A,eJxzcQxxNDC3MDI2NDC0cDSwBAAf0wOT.csv
C,eJxzcQxxNDAzMTI2NDQ0cjYyAAAfjwOE.csv
B,eJzzCzU0MTUyNjQyMHYytAQAGDcDFQ==.csv
A,eJzzCzM0NDcyNjQ0NnAzsAAAGD0DFg==.csv
B,eJxzcQxxNDA2NTI2NDIwcTS0AAAfgQOJ.csv
D,eJxzcQxxNDAzNjI2MDcwdzQyAwAfsQOQ.csv
B,eJxzcQxxNDA0NjI2NDQydjU0AwAfYQOH.csv
B,eJxzcQxxNDA0NTI2NDQ0dzM2BQAfhgOO.csv
D,eJzzCzU0NjAyNgSSjgaGABfqAwQ=.csv
B,eJxzcQxxNDA1NzI2NDQycjM2BAAfswOM.csv
B,eJxzcQxxNDCyMDI2NDS0dDIwBgAfowOL.csv
C,eJxzcQxxNDAzNDI2NDQycTY2AAAfgAOF.csv
B,eJxzcQxxNDAxNTI2NDS0cDQyAAAflQOH.csv
B,eJzzCzU0MTYyNjQ0snAxMAYAGDkDFA==.csv
A,eJxzcQxxNDA2MTI2NDSydDY0AAAfjQOI.csv
A,eJxzcQxxNDCzMDI2NDKwcDY0BgAf0QOQ.csv
B,eJxzcQxxNDA1NTI2NDIwczK0AAAfogOO.csv
C,eJxzcQxxNDAzMzI2NDQydDI2AwAfqQOM.csv
A,eJxzcQxxNDAzNDI2BGJXQ2MAH4EDhw==.csv
B,eJxzcQxxNDAxMDI2NDIycTewBAAfdQON.csv
C,eJxzcQxxNDA0MjI2MDc0cDeyAAAfbQOM.csv
C,eJxzcQxxNDA0NTI2NDS0cDI0BQAfegOJ.csv
C,eJzzCzU0NTAyNjQ0NnA0MQAAGAcDCQ==.csv
A,eJxzcQxxNDA3NjI2NDQydDcyBQAfogON.csv
E,eJxzcQxxNDAwNTI2MDUwdTYwAwAfcQOI.csv
A,eJxzcQxxNLCwNDI2NDQydDYwBAAf1QOK.csv
B,eJxzcQxxNDC3NDI2NDQ2cDM2AgAf2wOQ.csv
C,eJzzCzU0NzEyNjQysHA2sAQAGGMDHA==.csv
B,eJxzcQxxNDAyMTI2NDIwdDawBAAfZQOG.csv
B,eJxzcQxxNLA0NTI2NDS0cDcyBgAf4QOV.csv
B,eJxzcQxxNDCzNDI2NDS0dDc0AQAf6wOX.csv
D,eJxzcQxxNDA3MTI2NDS0dDQwAQAfsAOM.csv
B,eJzzCzU0sTAyNjQ0snA3NAEAGHcDHg==.csv
A,eJxzcQxxNDAwMTI2NDQydTU0AgAfZAOF.csv
D,eJxzcQxxNDA2MjI2MDcwczKyBAAfiAOP.csv
B,eJxzcQxxNDAyMDI2NDSydDEyAgAfYQOH.csv
B,eJzzCzU0NjQyNjQ0Mnc0tAAAGBQDEw==.csv
B,eJxzcQxxNLA0NDI2NDQ0dzMwBgAfrgON.csv
B,eJxzcQxxNDA2NDI2NDS0dDYyAwAfcgOL.csv
B,eJzzCzU0szAyNjQ0MnYxNAMAGHIDGg==.csv
B,eJxzcQxxNDAzNzI2NDS0cDIyBgAfxQOP.csv
A,eJxzcQxxNDAxMDI2NDQ0cjW0AAAfXQOH.csv
B,eJxzcQxxNLAwNjI2NDQ0czEyBgAfsQON.csv
A,eJxzcQxxNDAxMDI2NDSwcDU2AAAfbAOG.csv
C,eJxzcQxxNDAzMzI2NDQycTE2BAAftgOM.csv
B,eJxzcQxxNDA3MDI2NDS0dDM0AgAflwOM.csv
B,eJzzCzU0NzAyNjQ0MnU3NgEAGEADGA==.csv
A,eJxzcQxxNLA0NDI2NDIwdDEyBwAfmQOL.csv
D,eJzzCzU0NzIyNjQ0snQ0MQQAGFEDFg==.csv
B,eJxzcQxxNDC3NDI2NDQ2cDIyBAAfzAOK.csv
B,eJxzcQxxNDAwNjI2NDIycTM0AAAfXQOD.csv
B,eJxzcQxxNDC2NDI2NDQ2cDUyAAAfqAOI.csv
B,eJxzcQxxNDC3NDI2NDS0dDIyBgAf6AOT.csv
B,eJxzcQxxNDA0NjI2NDAycTUwBwAfXgOH.csv
B,eJxzcQxxNDC2NDI2NDIwcTY0AAAfpwOH.csv
D,eJxzcQxxNDA0MzI2MDewdDEyAwAfqQOT.csv
A,eJxzcQxxNDA2MTI2NDQycDQ0AAAfYwN9.csv
B,eJxzcQxxNLAwNDI2NDQycjU2AQAfmAOL.csv
B,eJxzcQxxNDA0MDI2NDS0cDM0AQAfUwOH.csv
B,eJxzcQxxNDAwMTI2NDQydjY0AQAfWAOD.csv
D,eJxzcQxxNDA2NzI2BAJ3QwMAH5IDhg==.csv
B,eJxzcQxxNDA2NzI2NDQ0djG0BAAfmgOO.csv
A,eJxzcQxxNDA3NjI2NDQycDUyAgAflQOH.csv
C,eJzzCzU0szAyNjQyMHM1NAcAGH4DHg==.csv
C,eJzzCzU0szAyNjQyMHcxNgcAGIMDIA==.csv
A,eJxzcQxxNDAyMDI2NDI0cTYwAwAfSwOD.csv
A,eJxzcQxxNDC3MDI2NDS0dDU0AAAf4gOR.csv
A,eJxzcQxxNDA2MDI2NDQ0dTEyAgAfVwOD.csv
C,eJxzcQxxNDAzMzI2NDQydDY2BAAfpwOI.csv
B,eJxzcQxxNDA0NzI2NDQycjQ0BQAfeAOF.csv
B,eJxzcQxxNDAyNDI2NDSydDK0AAAfaQOL.csv
B,eJxzcQxxNDC2NDI2NDS0cDYyAAAfuAOM.csv
A,eJzzCzM0MDEyNjQyMHQ2MAYAGAEDCQ==.csv
A,eJxzcQxxNDA2NTI2NDIwcTcwAQAfjQOK.csv
B,eJxzcQxxNDC2NDI2NDIwdDQ0AAAflQOC.csv
C,eJzzCzU0sTAyNjQ0MnE0NAAAGFEDEA==.csv
B,eJxzcQxxNDA1NDI2NDIwdDSyBAAfZgOG.csv
C,eJxzcQxxNDAxNjI2NDI0djG0AAAfggOL.csv
A,eJxzcQxxNDA1MDI2NDQydjSwAAAfYwOF.csv
B,eJxzcQxxNLAwNzI2NDIwcTUwBwAf1QOS.csv
C,eJzzCzU0NTAyNjQ0NnAyNAMAGAoDDQ==.csv
C,eJzzCzU0MjYyNjQyNHE2NAAAGBADCw==.csv
A,eJxzcQxxNDAwMzI2NDI0cDM0BgAfaQOE.csv
B,eJxzcQxxNDAyNTI2NDQydDQ0BwAfbQOF.csv
C,eJzzCzU0MTAyNjQyMHU1sAQAGBQDFA==.csv
A,eJxzcQxxNDC0MDI2NDQycDM0BgAfhwOH.csv
B,eJxzcQxxNDC2NDI2NDS0cDYyBQAfvQOR.csv
A,eJxzcQxxNLCwNDI2NDQycDE2BgAf3AOP.csv
B,eJxzcQxxNDCzNDI2NDS0dDcyBwAf8AOb.csv
A,eJxzcQxxNLAwMDI2NDIycTY0AgAfkAOH.csv
A,eJxzcQxxNDAwMTI2NDI0cDIwAwAfSgOA.csv
D,eJxzcQxxNDA0MDI2NDS0cDQ2AgAfRgOC.csv
A,eJxzcQxxNLC0MDI2NDS0dDY2AAAf9gOT.csv
B,eJxzcQxxNDAzNDI2NDQycDKwAAAfbwOF.csv
C,eJxzcQxxNLAwMDI2NDQ0dTIyBwAfjQOL.csv
A,eJxzcQxxNDAwMTI2NDKwdDQwBgAfYwOE.csv
B,eJxzcQxxNDC2NDI2NDQ2cDM2AQAfsQOO.csv
A,eJxzcQxxNLAwMTI2NDI0dTI0AAAfsgOI.csv
B,eJxzcQxxNDAzMzI2NDQydjIyBgAfrAOK.csv
B,eJxzcQxxNDC3NDI2NDQ2cDMyBAAf2AOO.csv
B,eJzzCzM0NDAyNjQ0snQ2MAIAGAcDDg==.csv
A,eJxzcQxxNDAyMTI2BJJuBqYAH3QDiA==.csv
A,eJxzcQxxNDA2MTI2NDQ0dzQwBAAfeQOD.csv
C,eJxzcQxxNDAyMTI2NDI0cDEwAwAfZgOE.csv
B,eJxzcQxxNDC3NDI2NDQ2cDMyAgAf2QOP.csv
B,eJxzcQxxNDC2NDI2NDIwdDQ2AwAfnwOK.csv
A,eJxzcQxxNDAyMDI2NDS0dDY0BwAfXAOJ.csv
B,eJxzcQxxNDAyNjI2NDQydzI0BQAfcgOI.csv
C,eJxzcQxxNDAxNjI2NDKydDIwAgAfkQOJ.csv
B,eJxzcQxxNLC0NDI2NDSydDcwBAAgDAOX.csv
B,eJxzcQxxNDA1NzI2NDQ0dzIwAgAfsQOK.csv
A,eJxzcQxxNDAwMTI2NDI0cDIyAQAfTAOA.csv
A,eJxzcQxxNDAwMzI2NDIwczQ0BgAfbQOE.csv
D,eJzzCzM0sDAyNjQ0MnQ1NAQAGDMDDw==.csv
A,eJxzcQxxNDA2NTI2NDIwcTc0AQAfjwOL.csv
B,eJxzcQxxNDAxMDI2NDQwdTM2AAAfYwOE.csv
B,eJxzcQxxNLAwNjI2NDQycTa0BAAfrwOQ.csv
D,eJzzCzU0tjAyNjA3sHAzMAMAGHwDIA==.csv
B,eJxzcQxxNDAwNjI2NDIycTYyBQAfWwOG.csv
A,eJxzcQxxNDC0MDI2NDI0cDM0AAAfhQOE.csv
B,eJxzcQxxNDCxNDI2NDKydDUwBgAf1wOT.csv
A,eJxzcQxxNLCwMDI2NDSycDU0AgAf8AOU.csv
B,eJzzCzU0NTYyNjQ0tHQ2NgcAGEoDGw==.csv
D,eJxzcQxxNDAwMzI2MDc0dDQ0AAAfcgOB.csv
B,eJxzcQxxNLCwNDI2NDIwdDQ2AQAf1AON.csv
B,eJxzcQxxNLA0NzI2NDQycDI2AQAfzgON.csv
D,eJxzcQxxNDAxMDI2MDc0dDE2BAAfcAOF.csv
B,eJxzcQxxNDCyMDI2NDS0dDcyAAAfswOP.csv
A,eJzzCzM0MDMyNjQyNnAxMAUAGCUDEA==.csv
C,eJzzCzU0sTAyNjQysHA1sAAAGG8DHg==.csv
C,eJxzcQxxNLAwNDI2NDQycDMyAAAfjQOF.csv
B,eJzzCzM0MDMyNjQ0MnUzNAIAGDMDEw==.csv
A,eJxzcQxxNLAwMDI2NDI0cTQ0AgAfhQOE.csv
B,eJzzCzU0tTQyMTA0MHYyMQQAGGMDFA==.csv
D,eJxzcQxxNDA2NzI2NDQ0djI2AwAflQOL.csv
A,eJxzcQxxNDA3MzI2NDIwcjQ2BgAfrgOJ.csv
D,eJxzcQxxNDA0MjI2MDcwcjEwBgAfXgOD.csv
A,eJxzcQxxNDAxMzI2NDKydDIwBAAfrgOL.csv
B,eJxzcQxxNLAwNjI2NDQ0dzE2AQAfuAOQ.csv
C,eJzzCzU0MzAyNjQysHA0NAMAGCkDEw==.csv
D,eJxzcQxxNLAwMTI2NDIycTSyAAAfugOQ.csv
A,eJxzcQxxNDA2MzI2NDKydDW0BAAftgOW.csv
A,eJxzcQxxNDA1MDI2NDI0cDUyAQAfZAOE.csv
A,eJxzcQxxNLAwMDI2NDS0cDayBAAfngOR.csv
D,eJxzcQxxNDCyNDI2NDI2cDcwBAAfpgOJ.csv
B,eJxzcQxxNLA0NTI2NDS0cDcyAQAf4gOW.csv
A,eJxzcQxxNDC0MDI2NDQydDEwBwAfhwOJ.csv
B,eJxzcQxxNDAxMzI2NDI2cDMyAgAfoAOK.csv
B,eJxzcQxxNDCyNDI2NDIwczM0AQAfsQOP.csv
A,eJxzcQxxNDA1MTI2NDQydjYwBQAfjgOI.csv
D,eJzzCzU0NTcyNjQyMHE1MAcAGF8DGQ==.csv
B,eJxzcQxxNLAwMDI2NDQ0cTQ2AwAfhwOJ.csv
C,eJzzCzU0NzAyNjQyMHQyNAUAGBoDDQ==.csv
A,eJxzcQxxNDCwNDI2NDQydDY2AQAfhgOI.csv
B,eJzzCzU0NzQyNjQyMHQ2MgMAGCoDEQ==.csv
C,eJzzCzU0sjQyNjQ0MnEzMAUAGFcDGA==.csv
B,eJxzcQxxNDAyNzI2NDQycjcyAwAfmAOO.csv
C,eJxzcQxxNDAzMzI2NDQydjY2AwAftAOP.csv
C,eJxzcQxxNDAxNjI2NDKycDYwBgAfkQOK.csv
B,eJxzcQxxNLC0MDI2NDS0dDI0BQAf9AOV.csv
B,eJxzcQxxNDA0MDI2NDS0cDMyBAAfUgOF.csv
B,eJxzcQxxNDA1NTI2NDI0cjQ2AAAfkAOE.csv
A,eJxzcQxxNDA2MzI2NDI2cDOwBAAfmAOO.csv
A,eJxzcQxxNDA2MzI2NDI2cDMyAAAfkwOH.csv
D,eJzzCzM0MDMyNjQysHAyNAEAGDEDEw==.csv
C,eJzzCzU0MTUyNjQyMHMxsAAAGEYDGA==.csv
C,eJxzcQxxNDAxNjI2NDKydDIwAQAfkwOL.csv
C,eJzzCzU0MTUyNjQyMHcxsAAAGEoDGQ==.csv
A,eJxzcQxxNLAwMTI2NDQydjQ0BQAfqwOK.csv
A,eJxzcQxxNDCzMDI2NDI0cDMwBwAfwQOP.csv
A,eJzzCzM0NDcyNjQ0MnY0sAAAGDUDEw==.csv
B,eJxzcQxxNDAyNjI2NDQycTWwAAAfcAOK.csv
D,eJxzcQxxNDAwMjI2NDI0cTMwBQAfUQOF.csv
B,eJxzcQxxNDAzNDI2NDQ0dTO0AAAfjAOO.csv
D,eJzzCzU0MTYyNjQ0snAytAQAGDsDGQ==.csv
B,eJxzcQxxNDAwMjI2NDQycDQ2AwAfOAOA.csv
A,eJxzcQxxNDA1MDI2NDQydTEyAAAfcAOE.csv
B,eJxzcQxxNDAyMDI2NDQydDY2AAAfPgN9.csv
A,eJxzcQxxNLCwMDI2NDSycDU0BwAf9QOZ.csv
B,eJzzCzU0NjYyNjQ0NnA0MAUAGAwDCw==.csv
A,eJxzcQxxNDAxMzI2NDIwczIwBAAfmAOG.csv
A,eJxzcQxxNDAzMzI2NDSydDI0AwAfxQOS.csv
A,eJzzCzM0NDcyNjQ0tHQ2sAQAGE8DGw==.csv
A,eJxzcQxxNDAwNTI2NDIwdzY0AwAfcAOJ.csv
A,eJxzcQxxNDAxMzI2NDS0cDE0AAAfpgOK.csv
C,eJzzCzM0MDMyNjQyMHQxNAIAGBkDDA==.csv
B,eJzzCzU0MjcyNjQ0tHQyNgEAGEsDGA==.csv
A,eJxzcQxxNDAxMDI2NDQydDY2AAAfVAN_.csv
A,eJxzcQxxNDCzMDI2NDI0cjQ0BgAfuAOJ.csv
B,eJxzcQxxNDC3MDI2NDSycDMwBgAf5wOU.csv
A,eJxzcQxxNDAwNjI2NDQycDYwBAAfPQN7.csv
D,eJxzcQxxNDA0MjI2MDcwcjEwAwAfYQOG.csv
A,eJxzcQxxNDA2NTI2NDKwcDIwBAAfiwOG.csv
A,eJxzcQxxNDAwMTI2NDI0cDYwBgAfSgN-.csv
B,eJxzcQxxNDCyMDI2NDS0dDI0AgAfpAOL.csv
C,eJzzCzU0NjEyNjQ0snQ1NgcAGEkDHQ==.csv
B,eJxzcQxxNDA0MDI2NDS0cDMwBwAfVAOJ.csv
E,eJzzCzU0MzEyNjQwMnUyMAcAGEUDFQ==.csv
C,eJxzcQxxNDC2NDI2NDQ0djY0BAAfowOH.csv
D,eJxzcQxxNDC0MDI2NDQydzMyBAAfowON.csv
B,eJxzcQxxNDCyMDI2NDQ0cjIwBAAfhQOC.csv
B,eJxzcQxxNDA0MDI2NDS0cDM0BgAfUgOG.csv
C,eJxzcQxxNDA0NTI2NDQ0dzM0BQAfggOM.csv
D,eJxzcQxxNDCyNDI2NDI2cDcwAgAfpwOK.csv
D,eJxzcQxxNDCwNDI2NDSycDQ0BwAfmwOO.csv
D,eJxzcQxxNDCzMDI2NDQ0dzIyBQAfzQOR.csv
B,eJxzcQxxNDA2NzI2NDQ0djGyBAAfnAOP.csv
A,eJxzcQxxNDA1MTI2BCIXA0MAH5ADhQ==.csv
B,eJxzcQxxNDA0NTI2NDI0djY2AgAfcAOF.csv
B,eJxzcQxxNDCzMDI2NDQ0cTE0AAAfwAOK.csv
C,eJzzCzU0MTUyNjQyMHcxNAcAGEsDGQ==.csv
B,eJxzcQxxNDA0MDI2NDS0cDM0BQAfVAOI.csv
B,eJzzCzU0MTEyNjQ0Mnc2MgAAGD0DEg==.csv
B,eJzzCzU0NjAyNjQ0NHI3MgAAF_0DCw==.csv
B,eJxzcQxxNDCyMDI2NDS0dDc2AgAftwOS.csv
D,eJxzcQxxNDAzNTI2MDOydDU0BwAf3AOZ.csv
B,eJzzCzU0tTQyNjQ0tHQztgQAGJEDJg==.csv
B,eJxzcQxxNDA1MDI2NDQ0czM0BgAfdgOI.csv
B,eJzzCzU0tTQyNjQyMHcxNgIAGH0DGw==.csv
A,eJxzcQxxNDAzNTI2NDQycDE0BwAfngOL.csv
B,eJxzcQxxNDA1MDI2NDQ0cjUyAgAfZAOD.csv
A,eJxzcQxxNDCwNDI2NDIwdTM0AwAfmQOO.csv
A,eJxzcQxxNDA1MDI2NDAydzSwAAAfbQOI.csv
A,eJxzcQxxNDCwNDI2NDQydzE0AgAfmwOL.csv
A,eJxzcQxxNDA1MDI2NDQycTYwBwAfbAOH.csv
A,eJxzcQxxNDA3NjI2NDQycDUwBwAflgOK.csv
B,eJxzcQxxNDC2MDI2NDIyczIwAQAfrgOM.csv
C,eJxzcQxxNDAyMTI2NDI0cDEwBwAfZwOF.csv
B,eJxzcQxxNDAwNjI2NDAydza0AAAfXAOJ.csv
C,eJzzCzU0szAyNjQysHA1MgEAGIUDHg==.csv
C,eJzzCzU0szAyNjQyMHczMQQAGIUDHQ==.csv
B,eJxzcQxxNDAzMzI2NDQ2cDKyAAAfqgON.csv
B,eJxzcQxxNDC3NDI2NDQydzcyBwAf-AOb.csv
B,eJzzCzU0MjMyNjQ0MnA0sAQAGB4DEA==.csv
B,eJzzCzU0NTcyNjQ0MnM0MAcAGF8DGA==.csv
D,eJzzCzM0NDIyNjQyMHc0MAMAGA0DDw==.csv
A,eJxzcQxxNDA1MDI2NDI0cDW0AAAfZgOH.csv
B,eJxzcQxxNDAzNDI2NDQycDG0BAAfeAOJ.csv
D,eJzzCzU0NjYyNjQyMHUzsAQAGCoDFw==.csv
A,eJxzcQxxNDAyMzI2NDQydDYwAgAfdgOC.csv
A,eJzzCzM0MDIyNjQyMHI1NAYAF_kDCw==.csv
B,eJxzcQxxNDAyNjI2NDQydzI2AQAfdQOJ.csv
A,eJxzcQxxNDA1MDI2NDIwdjIyBwAfZQOG.csv
A,eJxzcQxxNDAzNjI2NDS0dDI0AAAfnAOI.csv
B,eJxzcQxxNDAzMjI2NDSwdDY0BgAfkwOK.csv
A,eJzzCzM0MDEyNjQ0NnA2MAIAGAUDCQ==.csv
D,eJzzCzU0NjQyNjQ0NHMzsgAAGBwDFw==.csv
A,eJxzcQxxNDC2NDI2NDQycjU2AgAfrwOM.csv
B,eJxzcQxxNLAwMTI2NDIwdzE0BgAfvgOO.csv
D,eJxzcQxxNDA3MzI2MDc0cDU2AgAfzQOP.csv
B,eJxzcQxxNDA2NTI2NDIwdDUwAQAfewOF.csv
A,eJxzcQxxNDA2NTI2NDQycTIwBAAffwOD.csv
A,eJxzcQxxNDAzNDI2NDIwczUwBAAfhQOG.csv
B,eJxzcQxxNDAwNjI2NDQwdDQ2AQAfOgN-.csv
A,eJxzcQxxNDA2NTI2NDI2cDU0AQAfiAOI.csv
D,eJxzcQxxNDAyMTI2NDKwcDQ0AAAfdAOD.csv
B,eJxzcQxxNDCzMDI2NDQ0cTEwBQAfwwOO.csv
A,eJxzcQxxNDAwMTI2NDKwdDQwAgAfYgOD.csv
B,eJxzcQxxNDAxMDI2NDQwdTM0AQAfYwOG.csv
B,eJxzcQxxNDC3MDI2NDS0dDIyAQAf3wOT.csv
D,eJxzcQxxNDAzMjI2NDQ0cTEyBAAfhwOG.csv
D,eJxzcQxxNLCwMDI2MDMyczI2AwAf_gOZ.csv
B,eJxzcQxxNDCxMDI2NDSycDMwBQAfyAOT.csv
A,eJxzcQxxNDA1NjI2NDSydDQ2AwAfnQOP.csv
C,eJxzcQxxNDAxNjI2NDI2cDUwAwAffwOI.csv
A,eJxzcQxxNDAzNDI2MDewdDQ2AQAfpQOP.csv
B,eJzzCzU0NzEyNjQysHA2MAEAGF4DFw==.csv
D,eJxzcQxxNDA2MzI2NDS0dDQ2AQAfngON.csv
B,eJxzcQxxNDA0NDIGYkN3I0MAH0gDgQ==.csv
B,eJxzcQxxNDAyNTI2NDQydDQwBgAfZwOA.csv
B,eJxzcQxxNDCyMDI2NDQ0cjIwBQAfiQOG.csv
D,eJxzcQxxNDAzMjI2NDQyczYwBwAfkwOM.csv
B,eJxzcQxxNLAwNDI2NDS0dDQ0BwAfogOO.csv
B,eJxzcQxxNDC0NDI2NDIydTIwBQAfnwOL.csv
A,eJxzcQxxNLAwMTI2NDKwcDcwBAAfxwOP.csv
B,eJxzcQxxNDAzMzI2NDQycjY2AwAfsAOO.csv
A,eJxzcQxxNDAyMjI2NDQycjI0AAAfTwN9.csv
A,eJxzcQxxNDA2NTIxMDQwdjK0AAAfewOI.csv
B,eJxzcQxxNDA0NTI2NDQ0dzMyBgAfggOL.csv
B,eJxzcQxxNDC2NDI2NDIwdDQ2AQAfnQOI.csv
A,eJxzcQxxNLAwMTI2NDSydDc0BQAf1QOW.csv
A,eJxzcQxxNDA0NzI2NDSycDQwBwAfkAOM.csv
A,eJxzcQxxNDA2NTI2NDQycTYwAgAfgwOF.csv
B,eJxzcQxxNDAwMjI2NDS0cDQ2BQAfUgOG.csv
B,eJxzcQxxNLAwMjI2NDS0dDMyBAAftwOP.csv
B,eJxzcQxxNDAwMzI2NDQydTY0AQAfdAOH.csv
B,eJxzcQxxNDAyNjI2NDQydzI0AwAfcwOJ.csv
B,eJxzcQxxNDCxMDI2NDSycDMwBAAfxAOP.csv
A,eJxzcQxxNDA1NjI2NDS0dDYwAgAflAOJ.csv
A,eJxzcQxxNDAzNjI2NDSydDQ0AwAfpAOO.csv
A,eJxzcQxxNDA0NDI2NDIwdjQwBgAfOAN8.csv
A,eJzzCzU0NTIyNjQ0tHQzMAQAGD0DFA==.csv
B,eJxzcQxxNDAyNTI2NDS0dDQ0BwAfiAOM.csv
A,eJzzCzU0MzEyNjQ0MnQ0MgAAGDUDDA==.csv
D,eJxzcQxxNDA0MDIBEsZAFgAfJwN4.csv
B,eJxzcQxxNLAwNTI2NDS0dDQ0AQAfxwOP.csv
A,eJxzcQxxNDC0MDI2NDKydDEwBwAfrQOS.csv
A,eJxzcQxxNDAwMTI2NDIwdjIwBQAfUAOB.csv
B,eJxzcQxxNLA0MTI2NDQydDQyBgAfrgOI.csv
B,eJxzcQxxNLAwMDI2NDQ0czUyBAAflAOJ.csv
C,eJzzCzU0szAyNjQyMHM0NgMAGHUDGw==.csv
B,eJzzCzU0NjYyNjQ0NHIzMgYAGBsDEA==.csv
B,eJxzcQxxNDCyNDI2NDIwczc0BAAfsQON.csv
B,eJxzcQxxNDCyMDI2NDS0dDe0BAAfugOX.csv
D,eJzzCzU0MTUyNjQ0tHQ2MgcAGFEDGw==.csv
B,eJxzcQxxNDAzNDI2NDQycjS0BAAfdwOI.csv
A,eJxzcQxxNDAzNjI2NDQ0djU0BQAfkgOK.csv
B,eJzzCzU0NjEyNjQyMHU0NAMAGCQDEQ==.csv
A,eJxzcQxxNDAzNjI2NDI0cjY0AAAfiQOD.csv
B,eJxzcQxxNDAyNjI2NDQydzI2BAAfcgOG.csv
B,eJxzcQxxNDAwMjI2NDS0cDQyBwAfUgOH.csv
A,eJzzCzU0MTcyNjQwMnQ0tAQAGD4DFA==.csv
B,eJzzCzU0MjMyNjQ0MnA0NAQAGBgDCQ==.csv
A,eJxzcQxxNDC2MDI2NDKwcDUwAQAftQOP.csv
D,eJxzcQxxNLAwNDI2NDQ0dzIwBgAflwOI.csv
C,eJxzcQxxNDA3MzI2MDewcDQ2AgAf3AOS.csv
B,eJxzcQxxNDAzNDI2NDQ0czI0AgAffgOF.csv
B,eJxzcQxxNDA1MDI2NDI0cTG0BAAfdAOL.csv
C,eJxzcQxxNDA2MDI2NDCycDE0AgAfYAOF.csv
A,eJxzcQxxNDAyNjI2NDS0cDIwBAAfawOD.csv
D,eJxzcQxxNDAwNjI2MDc0cDUwBAAfWwOB.csv
D,eJxzcQxxNDC2NDI2NDIwdzE0AAAftgOL.csv
B,eJxzcQxxNDAzMjI2NDQ0cTG0AAAfjAOM.csv
D,eJxzcQxxNLCwNDI2NDIwcTMyAAAf6QOQ.csv
B,eJxzcQxxNDA2MDI2NDAydTWwBAAfXAOJ.csv
B,eJxzcQxxNDCxNDI2MDc0dDQwBAAfuwOI.csv
A,eJxzcQxxNDAwMTI2NDQycTEyAgAfXwOE.csv
C,eJzzCzM0NDEyNjQyMHQyNAYAGAsDCg==.csv
B,eJxzcQxxNDCyNDI2NDKydDM0AgAfxQOS.csv
C,eJzzCzU0MTUyMTA0MHE2MAEAGDIDEA==.csv
C,eJzzCzU0szAyNjQysHA1MgIAGIMDHA==.csv
B,eJxzcQxxNDCxMDI2BCIXQ0sAH7cDkQ==.csv
A,eJxzcQxxNDA1MDI2NDIwdjIyAQAfYgOD.csv
C,eJzzCzU0MTAyNjQyMHMzNAQAGBUDDw==.csv
B,eJzzCzU0sjQyNjQ0MnM2sAAAGFkDGg==.csv
B,eJzzCzU0MTAyNjQ0NnA1NgUAGAsDEA==.csv
A,eJxzcQxxNDAwMTI2NDI0cDQwBQAfRgN-.csv
B,eJxzcQxxNDA0NTI2NDS0cDIyBQAffAOK.csv
B,eJxzcQxxNDAzNjI2NDIwdDM0BQAfjgOJ.csv
A,eJxzcQxxNDA3NTI2MDMydTM0AQAf1wOU.csv
B,eJxzcQxxNDA2NzI2NDQ0cjMwAQAflQOJ.csv
B,eJxzcQxxNDA0NTI2NDI0djUyBgAfdQOH.csv
A,eJxzcQxxNDAwMzI2NDSydDQ0BgAffQOI.csv
D,eJxzcQxxNDQwMDI2NDQwdDayAAAfMAOB.csv
B,eJxzcQxxNDA1MDI2NDI0cDIyAwAfXQOD.csv
B,eJxzcQxxNDA1NzI2NDQ0dzEyAgAfuwOO.csv
C,eJzzCzU0NTAyNjQyMHQ2sAAAGAgDDg==.csv
B,eJzzCzU0tTQyNjQyMHI1NgMAGHADGw==.csv
B,eJxzcQxxNDC3MDI2NDSycDMwAgAf5gOT.csv
B,eJxzcQxxNDA0NjI2NDI0dDQ0BQAfTQOA.csv
A,eJxzcQxxNDAzMDI2NDQ0czIwBAAfcQOC.csv
C,eJzzCzU0NTUyNjQ0snA2MgUAGFsDGg==.csv
B,eJxzcQxxNDAyMTI2NDI0cjE0BgAfbQOE.csv
A,eJxzcQxxNDC2MDI2NDS0cDQwAQAfqAOL.csv
B,eJzzCzU0MjcyNgSS7oYWABhXAx4=.csv
B,eJxzcQxxNLAwMDI2NDIycTY0AAAfjgOF.csv
D,eJxzcQxxNDAyMjI2NDI2cDMwBAAfXQOB.csv
B,eJxzcQxxNDCyNDI2NDIwcze0AAAfuAOU.csv
A,eJzzCzM0MDEyNjQ0tHQzMAYAGCkDFA==.csv
A,eJzzCzM0MDMyNjQysHAysAQAGDQDFw==.csv
A,eJxzcQxxNDAzMzI2NDIwczS0AAAftAOP.csv
C,eJzzCzU0MjEyNjQyMHQ2tgQAGBYDEw==.csv
A,eJxzcQxxNDAzNjI2NDQ2cDY0AAAfhQOC.csv
B,eJxzcQxxNDA2NzI2BAJ3QyMAH5QDiA==.csv
B,eJxzcQxxNDCxMDI2NDQycDMwAgAfpQOI.csv
A,eJzzCzM0MDMyMTA0MHE0MAUAGBgDDQ==.csv
A,eJxzcQxxNDAzMzI2NDI0cTIwBwAfsQON.csv
B,eJxzcQxxNDA0NTI2NDI0cjIyBQAfagOF.csv
B,eJxzcQxxNDQwMDI2NDA2cDYyBwAfNAOB.csv
B,eJxzcQxxNDA2NzI2NDQycDI2AwAfjgOJ.csv
A,eJxzcQxxNDAzNzI2NDIwdDIyAAAfpwOF.csv
B,eJxzcQxxNDA3NTI2NDI2cDE2AQAftQON.csv
B,eJxzcQxxNDCyNDI2NDKydDM0BgAfxgOT.csv
B,eJzzCzU0NzAyNjQ0NnAyMAQAGBkDCQ==.csv
D,eJzzCzU0tTQyNjQ0MnI0MgYAGGMDFA==.csv
B,eJxzcQxxNDAzMjI2NDIycTI2AwAfkwOM.csv
D,eJxzcQxxNDA2NjI2MDc0cjUwBgAfhgOI.csv
B,eJxzcQxxNDAyMDI2NDSycDQwBgAfUQOC.csv
B,eJxzcQxxNDAxMTI2NDS0dDQwAgAfjQOH.csv
A,eJxzcQxxNDA3NzI2NDQ2cDYyAgAfvAOK.csv
B,eJxzcQxxNDCyNDI2NDIwczOwAAAfswOS.csv
D,eJxzcQxxNDAyMTI2NDI2cDE0BAAfbQOC.csv
D,eJxzcQxxNDA1NjI2NDI2cDQwAQAffAOD.csv
C,eJzzCzU0szAyNjQyNHE1NAEAGHgDGg==.csv
C,eJxzcQxxNDAyMDIxMDQwdjQyBQAfOgN_.csv
B,eJxzcQxxNDAyMzI2NDS0dDI2AwAfmAOP.csv
A,eJxzcQxxNDAzMjI2NDQycTU2AAAfkAOI.csv
B,eJxzcQxxNDCxMDI2NDQ0dzUwAgAfuQON.csv
A,eJxzcQxxNDCwNDI2NDQycjKwAAAfhQOJ.csv
A,eJxzcQxxNDA0NzI2NDSycDQwBgAfjAOI.csv
A,eJxzcQxxNDA1MjI2MDcwdjE0BgAfkAOJ.csv
A,eJxzcQxxNDCzMDI2NDQydDI0AwAfuQOM.csv
D,eJxzcQxxNDAzMjI2NDAydjU0AAAfggOE.csv
B,eJxzcQxxNDA0MDI2BCIXA1MAH0ADgQ==.csv
A,eJzzCzM0NDcyNjQ0NHU1MAYAGD8DEw==.csv
B,eJxzcQxxNDAyNzI2NDQycjcwAgAfkAOI.csv
B,eJxzcQxxNDAzNDI2NDQycjSwAAAfdAOG.csv
B,eJzzCzU0MjEyNjQ0tHQ0MgQAGCUDEA==.csv
D,eJxzcQxxNDA3NjI2NDI0cDUyAQAfmAOJ.csv
A,eJxzcQxxNLAwMTI2NDIwdDQ0BQAfnwOH.csv
A,eJzzCzU0tTQyMTA0MHYyNgIAGGIDFA==.csv
D,eJxzcQxxNDAwNjI2NDIydTY0AAAfWAOB.csv
B,eJxzcQxxNDAzNDI2NDQycjQyAAAfcAOA.csv
B,eJxzcQxxNDAwMzI2NDKydDE0AgAfiwOL.csv
B,eJxzcQxxNDC2NDI2NDQ2cDU2AQAfrgON.csv
A,eJxzcQxxNLA0NTI2NDQwdTI2BQAfxQOP.csv
A,eJxzcQxxNDAwNTI2NDI2cDUwBwAfaAOH.csv
A,eJxzcQxxNDA3NzI2NDKwcDEyBAAf1QOQ.csv
C,eJzzCzU0MTMyNjQ0NHY0MgQAGDcDDg==.csv
D,eJxzcQxxNDA0MzI2MDcwdzQyAwAfmAOO.csv
A,eJxzcQxxNDA2MDI2NDS0cDQ0AwAfXAOG.csv
C,eJxzcQxxNDAwNTI2NDAyczEwBQAfagOH.csv
A,eJxzcQxxNDCzMDI2NDQycTawBAAfyQOS.csv
B,eJxzcQxxNDAyMDI2NDQ2cDQ2AgAfOwN9.csv
B,eJzzCzU0NzQyNjQ0NnAyMAYAGCUDDA==.csv
D,eJxzcQxxNDAwNTI2MDM0cTQ0AQAfcgOG.csv
A,eJxzcQxxNDAyNjI2NDI0djQwBgAfXAOA.csv
B,eJxzcQxxNDAwNzI2NDKwcDEyAAAfhwOI.csv
A,eJxzcQxxNLCwMDI2NDI0cjU0BwAf3gOT.csv
B,eJxzcQxxNDA1MTI2NDIwczIyAwAfmAOM.csv
B,eJxzcQxxNLAwMDI2NDIycTa0AAAflgON.csv
A,eJzzCzM0MDEyNjQyMHQyMAQAF_wDBg==.csv
D,eJzzCzU0NTUyNjQ0snAxMAMAGFsDGg==.csv
B,eJxzcQxxNDC3NDI2NDQydzc2BgAf9gOY.csv
B,eJzzCzU0MTQyNjQ0MnIzMAMAGBYDEQ==.csv
D,eJzzCzU0NjEyNjA3MHE2NAQAGDgDEQ==.csv
B,eJxzcQxxNDA1NzI2NDQ0dzEyAQAfvQOQ.csv
B,eJxzcQxxNDA1NDI2NDIwdDQ0BQAfYAOB.csv
A,eJxzcQxxNDCwNDI2MDcwczYyBQAfrAOQ.csv
B,eJxzcQxxNDCyNDI2NDIwczc0AwAftgOS.csv
B,eJxzcQxxNDA2NzI2NDQ0djE2AAAflQOH.csv
A,eJxzcQxxNDC2NDI2NDIwczYyAQAftQOO.csv
A,eJxzcQxxNDA1MDI2NDQ0cjU2AwAfagOI.csv
B,eJxzcQxxNLAwMDI2NDAycTIyBQAfhgOI.csv
C,eJxzcQxxNDAwNjI2NDIydzM0AgAfawOI.csv
B,eJxzcQxxNDA2NTI2NDIwdDUyAQAffwOH.csv
D,eJzzCzU0sjQyNjQ0MnM2MAEAGFUDFg==.csv
B,eJxzcQxxNDAyNTI2NDS0dDQyBgAfhgOJ.csv
C,eJxzcQxxNDA2MzIxMDQwcTQwAwAfggOG.csv
A,eJzzCzU0NTIyNjQ0tHQzNgAAGEIDFg==.csv
B,eJxzcQxxNDAwMTI2NDQydTQ2BgAfXQOE.csv
A,eJxzcQxxNDA0NDIGYlNHYzMAH00DhQ==.csv
C,eJxzcQxxNLAwNjI2NDQ0dzE2BAAftQON.csv
A,eJxzcQxxNDA2NzI2NDQwdzMyAQAfqAOP.csv
B,eJxzcQxxNDAwNjI2NDIycTY2AAAfWAOC.csv
B,eJzzCzU0MzcyNjQysHAxMQAAGHgDGg==.csv
B,eJxzcQxxNDAzMzI2NDQydjQ2BAAfqQOI.csv
B,eJxzcQxxNDCyNDI2NDIwdTUwBQAfqQON.csv
A,eJxzcQxxNDA2MDI2NDQ0cTI0AwAfTwOD.csv
B,eJxzcQxxNDC2NDI2NDQ2cDY2BgAfpwOK.csv
B,eJxzcQxxNDAwNjI2NDIycTI2AAAfVQOB.csv
A,eJxzcQxxNDAxNzI2NDQycDS0AAAflAOJ.csv
A,eJxzcQxxNDAzMzI2NDSydDI0AAAfvwOM.csv
B,eJxzcQxxNLAwNzI2NDQ2cDQyAAAfvwOH.csv
C,eJzzCzU0szAyNjQysHA1sAAAGIUDIA==.csv
A,eJzzCzU0MzYyNjQ0MnY0NgQAGDYDDw==.csv
D,eJzzCzU0MzcyNjQyNHU2MAMAGGwDGQ==.csv
A,eJzzCzM0MDEyNjQyMHQ2MAUAGAMDCw==.csv
B,eJxzcQxxNDAxMjI2NDQyczMyBwAfigOP.csv
B,eJxzcQxxNDC2NDI2NDIwcTY0AQAfqwOL.csv
B,eJxzcQxxNDCyMDI2NDS0dDcyAwAfuQOV.csv
B,eJxzcQxxNDAwMTIxMDQwdjIwBQAfSwOA.csv
B,eJxzcQxxNDC3NDI2NDQydDU2BAAf1gOO.csv
A,eJxzcQxxNDAwMzI2NDSydDSwAAAfgAOM.csv
A,eJxzcQxxNDAzMzI2NDQycTY0AwAftAOO.csv
A,eJxzcQxxNDAzMjI2NDQ0dTS0AAAfhwOK.csv
A,eJxzcQxxNLAwMDI2NDQ0dTOyBAAfmwOR.csv
A,eJxzcQxxNDAzMzI2NDSydDIwBwAfxAOS.csv
B,eJxzcQxxNDA3NjI2NDKycDEyAwAfvAOT.csv
A,eJxzcQxxNDCwMDI2NDQycjQwAQAfdAOD.csv
C,eJzzCzU0szAyNjQysHA1MgYAGIQDHQ==.csv
B,eJxzcQxxNDA3MTI2NDQycDQwAgAfjwOC.csv
B,eJxzcQxxNDCyMDI2NDS0dDc2AQAfuQOU.csv
A,eJxzcQxxNLCwNDI2NDQycjY2BgAf4QOQ.csv
A,eJxzcQxxNDAzNzI2NDKwcDI0BgAfxAOO.csv
B,eJxzcQxxNDAzMjI2NDIwdDOwBAAfhgOL.csv
D,eJxzcQxxNDAzMjI2NDAyczYyBQAfjwOL.csv
A,eJxzcQxxNDAzMjI2NDQ0djIwBgAfewOD.csv
B,eJzzCzU0MTMyNjQ0MnE0tgAAGEkDGA==.csv
B,eJxzcQxxNDAwNTI2NDQyczcyBAAfeQOJ.csv
A,eJxzcQxxNDA0MjI2NDS0dDQ0AAAfWAOB.csv
B,eJxzcQxxNDCxMDI2NDSycDM0AgAfxwOR.csv
A,eJxzcQxxNDAzNjI2NDKwcDSwBAAfnQOO.csv
C,eJzzCzU0NTAyNjQyNHAyNAQAGAEDBw==.csv
D,eJxzcQxxNDAzNDI2NDSwdDQwAQAfggOH.csv
B,eJxzcQxxNLA0MjI2NDIwdzawBAAftgOR.csv
C,eJxzcQxxNDAzNjI2NDQydjU2AwAfnAOO.csv
B,eJxzcQxxNDA1MDI2NDQycTOwAAAfdgOL.csv
D,eJxzcQxxNDAwNTI2NDAyczE0AAAfZwOD.csv
A,eJxzcQxxNDA2NzI2NDQ0djEwBwAflgOL.csv
B,eJxzcQxxNDAyNTI2NDS0dDQ0BAAfggOG.csv
B,eJxzcQxxNLAwMDI2NDS0cDEyAgAfmgOL.csv
B,eJxzcQxxNDA1MTI2NDIydTKwAAAfnAON.csv
B,eJxzcQxxNDA2NzI2NDQ0cDOyBAAflgOO.csv
C,eJzzCzU0szAyNjQyNHE1NAQAGHUDFw==.csv
B,eJxzcQxxNDA0NDI2NDS0dDI2BAAfVgOE.csv
B,eJxzcQxxNDCzMDI2MDMyczW0AAAf7wOa.csv
B,eJzzCzU0MTQyNjQ0tHQzMAMAGC0DFw==.csv
B,eJxzcQxxNDC2MDI2NDQ0cDI2BgAfkAOG.csv
A,eJxzcQxxNDAxMzI2NDS0cDEwBAAfpQOK.csv
A,eJxzcQxxNDAwMTI2NDQycTE0AgAfXQOD.csv
A,eJxzcQxxNDAzNDI2NDQydDY0BgAfcwOD.csv
C,eJzzCzM0NDEyNjQyMHc2NAQAGCQDDw==.csv
B,eJxzcQxxNDA2NzI2NDQ0djUwAwAfmAOL.csv
B,eJxzcQxxNDC3MDI2NDQ0cjYyAwAfyAOP.csv
B,eJxzcQxxNDCzMDI2NDQ0cTE0AwAfxgOQ.csv
A,eJxzcQxxNDA2NzI2NDQydDYyAgAfjwOG.csv
A,eJzzCzM0NDMyNjQyMHI1MAQAGCgDDQ==.csv
A,eJxzcQxxNDA2NTI2NDIwcTc0AAAfiwOH.csv
D,eJzzCzU0tTQyNjQyMHUyMgUAGHADGQ==.csv
A,eJzzCzM0MDIyNjQ0MnY1sAQAGAUDEg==.csv
A,eJxzcQxxNDAzNDI2NDKydDYwBAAflQOJ.csv
B,eJzzCzU0MjEyNjQ0tHQ0NAUAGCcDEw==.csv
B,eJzzCzU0NTUyNjA3sHA0MAIAGGEDFg==.csv
A,eJxzcQxxNDCwMDI2NDQydzI0AAAfiQOG.csv
B,eJzzCzU0MjEyNjQ0NHM2NAAAGBwDDQ==.csv
B,eJxzcQxxNDCwNDI2NDQydDIwBgAffAOD.csv
B,eJxzcQxxNLAwMDI2NDQ0cjEwAQAfgAOF.csv
B,eJxzcQxxNDAyMDI2NDIwczQwBgAfRQN_.csv
D,eJzzCzU0MjYyNjQ0MnIxMgEAGBADDw==.csv
D,eJzzCzU0NTMyNjQ0NHcyMQQAGFkDFg==.csv
B,eJxzcQxxNDAyMTI2NDI0dDY0AwAfaQOF.csv
B,eJzzCzU0NjYyNjQ0NnA0MgEAGA8DDA==.csv
A,eJxzcQxxNDC0MDI2NDI0djI0AAAfhQOD.csv
B,eJxzcQxxNDA1NTI2NDI0dDMwBwAfnAOM.csv
B,eJxzcQxxNDAwMzI2NDKwcDI0AQAfeQOI.csv
D,eJxzcQxxNLAwNTI2NDS0dDQwAwAfxwOQ.csv
B,eJzzCzU0NTYyNjQ0tHQ2sgQAGEoDHA==.csv
B,eJxzcQxxNDCyMDI2NDS0dDIwAwAfpgOO.csv
B,eJxzcQxxNDA2NzI2NDQycTU2AAAfoQOK.csv
B,eJzzCzU0MjMyNgQiF2NjABg2AxM=.csv
A,eJxzcQxxNDAwMzI2NDSycDM0BgAfiAOM.csv
A,eJxzcQxxNLAwMjI2NDI0cTc2AwAfswOS.csv
B,eJzzCzU0MjUyNjQysnQ1tgAAGE8DHw==.csv
D,eJxzcQxxNDAzNTI2NDIwdTE0BQAfrAON.csv
A,eJzzCzM0NDMyNjQyMHcxMAcAGD8DFw==.csv
B,eJxzcQxxNDC3MDI2NDS0dDK0AAAf4QOW.csv
A,eJxzcQxxNDCwNDI2NDIwdTMwAQAflQOL.csv
C,eJzzCzU0NTAyNjQ0NnAyMAEAGAYDCg==.csv
B,eJxzcQxxNDA3NjI2NDQydDQ0AQAfjQOF.csv
A,eJxzcQxxNDAxMzI2NDQycjE0AwAfmQOL.csv
B,eJzzCzU0NjYyNjQ0NnA0sAQAGBADDw==.csv
C,eJxzcQxxNDAxNjI2NDKydDIwAwAflQON.csv
D,eJxzcQxxNDAxMzI2MDcwczY2BAAfuAOO.csv
A,eJxzcQxxNDAxMDI2NDIwdzU2AAAfbgOG.csv
A,eJxzcQxxNDC0MDI2NDI0cTY0AAAfjAOF.csv
B,eJxzcQxxNLAwNjI2NDQ0dzWyBAAfvgOV.csv
C,eJxzcQxxNDA0NDIGIgNXQ0sAH08Dhw==.csv
A,eJzzCzM0NDcyNjQ0MnQyNAAAGCoDCw==.csv
B,eJxzcQxxNDAyNjI2NDQydzI0BgAfcAOG.csv
A,eJxzcQxxNDA1MDI2NDQydjQyAAAfXwN_.csv
C,eJxzcQxxNDAyNjI2NDI2cDM0AwAfbgOI.csv
A,eJxzcQxxNLCwMDI2NDS0cDG0AAAf7gOY.csv
B,eJzzCzU0NTIyNjQ0MnQzNgMAGC0DFQ==.csv
D,eJxzcQxxNLAwNjI2NDA2dDY0BQAfngOJ.csv
B,eJzzCzU0NTYyNjQ0tHQ2MQAAGEUDFQ==.csv
A,eJxzcQxxNDCzMDI2NDI0cjQwBwAfugOM.csv
B,eJxzcQxxNLA0MjI2NDIwdzYwAgAfrwOK.csv
A,eJxzcQxxNDCzMDI2NDI0cjQ0AwAfuwOM.csv
D,eJxzcQxxNDAyMTI2BJJuBuYAH3YDig==.csv
B,eJzzCzU0sjQyNjQ0MnM2MAIAGFMDFA==.csv
A,eJxzcQxxNLAwNjI2NDQydjQ0BgAfnwOH.csv
A,eJxzcQxxNDAzMjI2NDQydjU0AAAfiAOF.csv
A,eJxzcQxxNDA0NzI2NDQ2cDM0BAAfgAOF.csv
C,eJxzcQxxNDAxNjI2NDKycDIwAwAfkQOM.csv
B,eJzzCzU0MzcyNjQysHAxMQQAGHkDGw==.csv
B,eJxzcQxxNDA2MzI2NDS0dDQyBwAfnwOP.csv
B,eJxzcQxxNDA2NzI2NDQ0cjGwBAAflAOM.csv
A,eJxzcQxxNDAzNjI2NDKydDG0BAAftgOV.csv
A,eJxzcQxxNDA1NjI2NDI0cTUyBQAfkwOM.csv
A,eJxzcQxxNDAyMTI2NDI2cDIwBAAfZQN_.csv
A,eJxzcQxxNDC3NDIxMDQwcTU0BgAf1wOP.csv
B,eJxzcQxxNDA2NzI2NDQwczIwAQAflAOI.csv
B,eJxzcQxxNDA0MDI2NDS0cDM0AgAfUQOF.csv
C,eJzzCzU0szAyNjQysHA1MgAAGIEDGg==.csv
A,eJxzcQxxNDAwMTI2NDI0cDIwAQAfSAN-.csv
A,eJxzcQxxNLCwMDI2NDS0BLIAH-cDlQ==.csv
A,eJxzcQxxNDAwMzI2NDS0dDIwAQAfegOI.csv
B,eJxzcQxxNDA1MTI2NDQycDS0BAAfggOI.csv
A,eJxzcQxxNDAzNjI2NDIwdDE0AAAfgwOC.csv
A,eJxzcQxxNDA2MDI2NDI0dDQyAgAfRAN9.csv
B,eJxzcQxxNDAyNzI2NDQycjcwBgAfkQOJ.csv
B,eJxzcQxxNDAzNDI2NDA2cDYyAwAfcwOG.csv
A,eJxzcQxxNDCxNDI2NDAyczY2AgAfvgOO.csv
C,eJzzCzU0MTUyNjQ0NnAzNAAAGDcDDw==.csv
B,eJxzcQxxNDAzMzI2NDQ2cDU2AQAfsQON.csv
A,eJxzcQxxNDAzNTI2NDQycDEwBgAfmAOG.csv
B,eJxzcQxxNDAwMzI2NDQycjMyAQAfcwOI.csv
C,eJxzcQxxNDA1MDI2NDQ0cTI0BgAfYgOC.csv
B,eJxzcQxxNLAwMjI2NDS0dDIyAAAfqgOK.csv
C,eJxzcQxxNDC3NDI2NDQ2cDMyAAAf1wON.csv
A,eJxzcQxxNDC2NDI2NDQ0djI0BgAfogOI.csv
B,eJzzCzU0NjYyNjA3NHAzMAMAGC8DFA==.csv
B,eJzzCzU0MzcyNjQysHAxNgUAGHsDHg==.csv
D,eJxzcQxxNDA0MTI2MDUwdzUwBwAfgQON.csv
D,eJxzcQxxNDA3MDIGEsZOhhYAH5EDjA==.csv
D,eJxzcQxxNDAzNjI2NDQ0djU0BAAfjgOG.csv
A,eJxzcQxxNDAzNDI2NDQ0A7IAH30Dhw==.csv
B,eJxzcQxxNLA0NzI2NDQycDI2AgAfzAOL.csv
B,eJxzcQxxNDC2NDI2NDIwcTYyAgAfqwOK.csv
D,eJxzcQxxNDAzMDI2NDKwdDI0BQAfhAOK.csv
D,eJxzcQxxNLAwMjI2MDc0dDQ2AgAfqAOJ.csv
C,eJxzcQxxNDA1MDI2NDS0cDGwAAAfewOM.csv
A,eJxzcQxxNDA1MDI2NDI0cDUyAAAfYAOA.csv
B,eJxzcQxxNDAxMDI2NDQwdTOyAAAfaQOL.csv
C,eJzzCzU0szAyNjQyMHM0MgcAGHQDGw==.csv
B,eJxzcQxxNDCyNDIxMDQwdjawAAAfmQOL.csv
B,eJxzcQxxNDAyNzI2NDS0cDcyAgAfpwOP.csv
A,eJxzcQxxNDC3NDIxMDQwdjQ0BgAfxwOK.csv
D,eJzzCzM0sDQyNjQyNHYxNAIAGEQDEg==.csv
B,eJxzcQxxNDC2MDI2NDIycjU0BgAfqAOL.csv
B,eJxzcQxxNLC0MDI2NDS0dDI0BgAf8gOT.csv
B,eJxzcQxxNDAzNzI2NDS0cDK0AAAfyAOT.csv
B,eJxzcQxxNDCxMDIxMDQwdjQyBQAfoAOJ.csv
B,eJxzcQxxNDC2NDI2NDQ2cDE2AwAfrQOO.csv
B,eJxzcQxxNLA0MjI2NDIwdzY0BAAfsAOK.csv
C,eJzzCzU0MTMyNjQyMHc2NAQAGEwDEw==.csv
A,eJxzcQxxNDC3NDI2NDIwdTK0AAAf3AOT.csv
B,eJzzCzU0NjYyNjQ0snA1MgcAGDkDGg==.csv
B,eJxzcQxxNDAzMDI2NDAyczEwBwAffAOK.csv
D,eJzzCzU0NzEyNjQysHA2NAAAGFwDFA==.csv
A,eJxzcQxxNDA2MzI2NDIydzIyAAAfngOJ.csv
B,eJxzcQxxNDA2MTI2NDS0dDM2AQAfmQOQ.csv
B,eJxzcQxxNDAyMDI2NDSydDYwBgAfWwOF.csv
B,eJxzcQxxNDAwMTI2NDIydTMyBwAfdAON.csv
A,eJxzcQxxNDC2NDI2NDQ0cDUyAwAfpAOM.csv
B,eJzzCzU0sjQyNjQyMHQysgQAGEMDFg==.csv
A,eJzzCzM0NDcyNjQ0MnQyNAEAGC4DDw==.csv
C,eJzzCzM0sDAyMTA0MHU0NAEAGDEDEA==.csv
B,eJxzcQxxNDA0NTI2NDQ0dzMyAQAfgwOM.csv
B,eJxzcQxxNDAyMTI2NDI0djI0BAAfaQOB.csv
D,eJxzcQxxNDCxNDI2MDc0dDQ2AgAfwgOM.csv
B,eJzzCzU0MzcyNjQysHAxtgQAGH8DIg==.csv
A,eJxzcQxxNDAxMDI2NDQydjQ2AAAfVgN_.csv
A,eJxzcQxxNDA3NDI2NDIwcTc0BgAfkgOK.csv
C,eJxzcQxxNDAxNjI2NDI0djUwBQAfgAOI.csv
A,eJxzcQxxNLAwMTI2NDQ2cDY0AwAfqwOL.csv
B,eJxzcQxxNDAyMDIxMDQwdjQyBgAfOAN9.csv
B,eJxzcQxxNDAwNjI2NDIycTY2AwAfXgOI.csv
A,eJxzcQxxNDAxNzI2NDS0cDM0AwAfvAOT.csv
C,eJzzCzU0szAyNjQyMHcxNgMAGIIDHw==.csv
D,eJzzCzU0MjYyNjQ0NHczMAcAGCQDFg==.csv
D,eJxzcQxxNLAwNDI2NDI0dDQ0BQAfhgOF.csv
B,eJzzCzU0MTIyNjQ0tHQ0MgUAGCsDFA==.csv
B,eJxzcQxxNDAwNTI2NDS0cDM2BAAfewOK.csv
B,eJxzcQxxNDCxMDI2NDQydzY0AQAfvAOP.csv
C,eJxzcQxxNDCxNDI2MDc0cDU0BQAfyQOQ.csv
C,eJzzCzU0MzEyNjQ0NHcxMAUAGFIDFw==.csv
D,eJxzcQxxNDC2MDI2NDIyczIwAgAfrAOK.csv
C,eJzzCzU0sTAyNjQ0MnAzsAQAGFcDGQ==.csv
B,eJxzcQxxNDC3MDI2NDS0dDI0AwAf3wOU.csv
B,eJzzCzU0MjYyNjQ0MnIxMgcAGBMDEg==.csv
A,eJxzcQxxNDC0MDIxMDQwcTIwBwAfhAOI.csv
B,eJxzcQxxNLA0MDI2NDQ0dzK0BAAfoAOP.csv
B,eJxzcQxxNLAwNjI2NDQwdDSyAAAflAOJ.csv
B,eJxzcQxxNDAyNzI2NDS0cDcyBQAfqgOS.csv
B,eJxzcQxxNDAzMjI2NDQ0cTEyAwAfjAOL.csv
A,eJxzcQxxNDAyNDI2NDI0dTQyAwAfVwOF.csv
C,eJzzCzU0MjYyNjQyNHYxMAQAGA4DCw==.csv
B,eJzzCzM0MDcyNjQyMHQysAAAGCEDEA==.csv
B,eJxzcQxxNLA0MjI2NDIwdzY0AgAfsQOL.csv
C,eJxzcQxxNDCzMDI2NDQ0dTUyBAAfygOO.csv
B,eJxzcQxxNDC3MDI2NDS0dDIyAgAf3QOR.csv
B,eJzzCzU0MjUyNjQysnQ1NgcAGE4DHg==.csv
C,eJxzcQxxNDAxNjI2NDI0djUwBgAffgOG.csv
B,eJzzCzU0MTEyNjQ0Mnc2NAcAGEIDGA==.csv
D,eJzzCzU0tjQyNjQyMHU0NAEAGFQDFA==.csv
B,eJzzCzU0NjAyNjQ0tHQ0MAMAGAkDEA==.csv
D,eJxzcQxxNDC3NDIxMDQwBrIAH8kDjQ==.csv
D,eJzzCzU0tjAyNjA3MHE0NAMAGF8DGA==.csv
C,eJzzCzU0szAyNjQyNHE1MgcAGH0DHg==.csv
A,eJxzcQxxNLC0MDI2NDIwczUwBQAf8AOU.csv
B,eJzzCzU0NzAyNjQ0MnU3NgIAGD4DFg==.csv
B,eJxzcQxxNDA3MjI2NDIycTc2AgAfqQOO.csv
B,eJxzcQxxNDAyNjI2MDcwczc0AwAfkQOQ.csv
C,eJxzcQxxNDC0MDI2NDQydjKyBAAfjwON.csv
E,eJxzcQxxNDAwNTI2MDUwdTYwBQAfcAOH.csv
B,eJxzcQxxNDA2NzI2NDQ0cDMyBwAflAOM.csv
A,eJxzcQxxNDAxMDI2BAIXQzMAH1QDgw==.csv
B,eJxzcQxxNDAyNzI2NDS0cDcyBAAfpgOO.csv
C,eJzzCzU0szAyNjQ0MnYxtAAAGHQDHA==.csv
A,eJxzcQxxNDC0MDI2MDcwcjGwBAAfoAOP.csv
B,eJzzCzU0MTEyNjQ0Mnc2NAUAGEADFg==.csv
B,eJxzcQxxNLC0MDI2NDS0cDYwAQAf8AOT.csv
D,eJxzcQxxNLAwMDI2MDcwcjMwBgAfnQOK.csv
C,eJxzcQxxNDCzNDI2NDS0dDGyBAAf6QOa.csv
C,eJzzCzU0MTAyNjQ0Mnc2NAAAGBMDDQ==.csv
A,eJzzCzM0NDYyNjQ0MnQyMAQAGAEDBw==.csv
A,eJxzcQxxNDA3NjI2NDQycDUyBQAfmAOK.csv
B,eJzzCzU0MTIyNjQ0MnUzMAEAGCoDEw==.csv
B,eJxzcQxxNDA3MjI2NDS0cDMyBgAfqgOP.csv
C,eJzzCzU0MTEyNjQyMHIxMAQAGCUDDA==.csv
D,eJxzcQxxNDCxNDI2NDA2cDMwBAAfrQOI.csv
D,eJzzCzM0sDAyNjQ0MnQ1MAUAGDUDEg==.csv
A,eJzzCzU0tjAyNjA3MHE0MAMAGF0DFw==.csv
A,eJxzcQxxNLC0MDI2NDKwcDUyAAAf9wOT.csv
A,eJxzcQxxNDAyMTI2NDIwcjQ0AAAfXAN9.csv
A,eJxzcQxxNDA1NTI2NDQwdDQwBgAffgOB.csv
B,eJxzcQxxNDC3MDI2NDS0dDSyBAAf4QOX.csv
A,eJxzcQxxNDC2NDI2NDQ0cDUwBwAfoQOL.csv
B,eJxzcQxxNDAxNTI2NDS0cDQyBAAflgOI.csv
D,eJxzcQxxNDA2MDI2NDAydzYwBAAfVgOB.csv
B,eJzzCzM0MDMyNjQysnQ2MAcAGEMDGQ==.csv
B,eJxzcQxxNDAyNTI2NDS0dDS0AAAfiQON.csv
B,eJzzCzU0tjQyNjQ0MncztAQAGHQDIQ==.csv
B,eJzzCzU0MjAyNgSSjgbmABfgAwg=.csv
A,eJxzcQxxNDC0NDI2NDSydDQ0BQAfqAOO.csv
B,eJxzcQxxNDA2NjI2NDQydTcyAgAfgwOK.csv
D,eJxzcQxxNDA2NzI2NDQ0dzU0BgAfpwON.csv
B,eJxzcQxxNDA3NzI2NDS0dDYwBAAf0QOO.csv
A,eJxzcQxxNDA2MDI2NDCycDOwBAAfawON.csv
B,eJzzCzU0NTcyNjQ0MnQysgQAGFQDGA==.csv
B,eJxzcQxxNDA3NDI2NDSycDKyAAAfngOQ.csv
C,eJzzCzM0MDUyNjQyMHc0NAIAGB4DDg==.csv
A,eJzzCzM0NDcyNjQ0tHQ2MAUAGEsDFw==.csv
B,eJxzcQxxNLAwNjI2NDQycTI2AQAfqwOM.csv
D,eJzzCzU0NTcyNjQ0snAyNAcAGGwDHA==.csv
B,eJzzCzU0MjcyNjQ0tHQyMgAAGEUDEw==.csv
A,eJxzcQxxNDA2MzI2NDKwcDYyAAAfmwOJ.csv
B,eJxzcQxxNDCyMDI2NDS0dDIwBQAfpQON.csv
A,eJxzcQxxNLA0MTI2NDIwdzIyAgAfxAON.csv
A,eJxzcQxxNLA0MTI2NDKydDUyAgAf3wOU.csv
B,eJxzcQxxNDAxMDI2NDQwdTMwBQAfYgOG.csv
C,eJzzCzU0NTAyNjQ0MnQ3MAQAGBEDDA==.csv
B,eJxzcQxxNDCyNDI2MDewdDQwBgAfwgOP.csv
A,eJxzcQxxNDAxMDI2NDQ0cDY0BwAfTgOC.csv
A,eJxzcQxxNDAzMjI2NDQ0dzOwAAAfnAOQ.csv
D,eJxzcQxxNDAzNDI2NDQydzMwAgAfkQOK.csv
B,eJxzcQxxNDAzMzI2NDS0cDU2BAAfxAOQ.csv
A,eJxzcQxxNDA2MTI2NDQycDU0AAAfbwOB.csv
B,eJxzcQxxNDA3MTI2NDQycDQwBgAfkAOD.csv
A,eJxzcQxxNDA2NzI2NDQ0dTE0AAAfmQOH.csv
A,eJzzCzM0NDYyNjQ0MnYxMAIAGBADDA==.csv
A,eJxzcQxxNLAwMTI2NDKwcDc0AwAfzgOV.csv
B,eJxzcQxxNDCxMDIxMDQwcTI0AQAfpAOJ.csv
B,eJxzcQxxNDCzNDI2NDS0cDI0AgAf1gOP.csv
A,eJzzCzM0MDEyNjQ0MnAxMAYAGAQDCg==.csv
A,eJxzcQxxNDAzNjI2NDSydDQ0AAAfngOI.csv
A,eJzzCzU0MjEyNgSSjsbmABgeAxM=.csv
A,eJxzcQxxNDAzNTI2NDQydDY2AgAfngOI.csv
B,eJzzCzU0NTUyNjQ0snA1MgIAGF4DGQ==.csv
A,eJxzcQxxNDAwMTI2NDKwdDE0BAAfbAOG.csv
B,eJxzcQxxNDAzMDI2NDCydDUwAgAfhgOJ.csv
A,eJxzcQxxNDCwNDI2NDI2cDU0AgAfjQOH.csv
B,eJzzCzU0NTYyNjQ0tHQxNAAAGEIDEw==.csv
A,eJxzcQxxNLA0NzI2MDM2cDQ2BQAf6AOS.csv
B,eJzzCzU0MTEyNjQ0Mnc2NAYAGD4DFA==.csv
A,eJxzcQxxNDAxMDI2NDQwczI0BQAfXAOE.csv
C,eJxzcQxxNDAyNTI2NDIydTMwBQAfjgOM.csv
D,eJzzCzU0MjYyNjQyMHUyNAAAGAwDCg==.csv
B,eJxzcQxxNDAzMjI2NDIwdDc0BAAfgwOF.csv
D,eJxzcQxxNDA1MDI2NDAyczU2AAAfcwOG.csv
B,eJxzcQxxNDCyMDI2NDS0dDI0BQAfpwOO.csv
B,eJxzcQxxNDAzNDI2NDQ0cza0BAAfiAON.csv
C,eJzzCzU0MTUyNjQyNHYzMAEAGEEDFA==.csv
D,eJxzcQxxNDA3MDI2NDS0dDMyBQAfnAOQ.csv
A,eJzzCzM0NDYyNjQ0tHQyMAIAGB0DDw==.csv
B,eJxzcQxxNDA2NjI2NDQydjOwAAAfegOL.csv
B,eJxzcQxxNDA1MDI2NDAyczYwBgAfagOE.csv
B,eJxzcQxxNDA2NzI2NDQ0djUwBAAfkwOG.csv
D,eJzzCzU0MTAyNjQ0NHUztAQAGBgDFg==.csv
A,eJxzcQxxNDAzNjI2NDI0djK0AAAfkgOL.csv
C,eJxzcQxxNDA3MzI2MDc0cDUyAgAfywOO.csv
B,eJxzcQxxNDA1NzI2NDQ0cDGwAAAfoQOL.csv
A,eJzzCzM0MDEyNjQ0MnQyMAIAGAEDCA==.csv
A,eJxzcQxxNDA1MTIxMDQwcTUwBAAfiwOF.csv
A,eJxzcQxxNDA0NzI2NDSycDQwAQAfjQOJ.csv
B,eJxzcQxxNDA3NjI2NDIydTM0AAAfrgOL.csv
B,eJxzcQxxNDC1MDI2NDS0cDY2AQAfygOS.csv
A,eJxzcQxxNLCwMDI2NDS0cDEyBQAf7QOW.csv
A,eJxzcQxxNDCwNDI2NDI2cDWwAAAfkQOM.csv
A,eJxzcQxxNDCwNDI2NDSycDM0AwAfqQOS.csv
C,eJzzCzU0MTUyNjQ0NHczNAcAGFADGw==.csv
A,eJxzcQxxNDA0NDIGYjN3A2MAH1oDhg==.csv
C,eJzzCzU0szAyNjQysHA1MAQAGH4DGQ==.csv
A,eJxzcQxxNDC0MDI2NDIwczc0AAAfmwOK.csv
B,eJxzcQxxNDA0NjI2NDIwdTSyAAAfXQOH.csv
C,eJxzcQxxNDAxNjI2NDKycDK0AAAflQOP.csv
D,eJzzCzU0szAyNjQyNHE1MAUAGHcDGg==.csv
A,eJxzcQxxNDC2NDI2NDQ0cDU0AAAfnAOF.csv
A,eJxzcQxxNDC2NDI2NDQ0cDUwBQAfnwOJ.csv
C,eJzzCzU0MTMyNjQyMHc2NAYAGE4DFQ==.csv
B,eJzzCzU0MTYyNjQ0MncyMgIAGDIDEg==.csv
B,eJxzcQxxNDCzMDI2NDQ0cTGwBAAfxwOS.csv
B,eJxzcQxxNDAxMDI2NDQwdTUwAwAfYAOG.csv
A,eJxzcQxxNDA1MDI2NDQydjQwBwAfYgOE.csv
C,eJzzCzU0MTcyNjQ0MnE1MAQAGFIDEw==.csv
D,eJzzCzU0szAyNjQ0MnYxsAAAGHIDGw==.csv
A,eJxzcQxxNDA1MDI2NDI0djG0AAAfbwOJ.csv
D,eJzzCzU0MTIyNjQ0MnA1sAAAGBcDEQ==.csv
C,eJzzCzU0szAyNjQ0MnUyMgYAGHMDGA==.csv
A,eJxzcQxxNDA2NTI2NDIwdDEwAgAfdgOC.csv
B,eJxzcQxxNDA1MTI2NDQydzM0BgAfpwOO.csv
A,eJzzCzM0sDQyNjQyMHcysAQAGE4DGQ==.csv
A,eJxzcQxxNDAzNjI2NDI0cjI0BQAfiwOH.csv
D,eJzzCzU0szAyNjQyNHIztAAAGHcDHQ==.csv
D,eJxzcQxxNDAwNTI2NDAydTUyAQAfbAOI.csv
A,eJxzcQxxNDA2MDI2MDOycDEwBQAffgOM.csv
D,eJxzcQxxNLAwMjI2NDA2cDUyBwAfmgOM.csv
C,eJxzcQxxNDAyMDI2NDIycTQwBAAfRQN9.csv
A,eJxzcQxxNDA2NTI2NDIydzS0AAAflwOO.csv
A,eJxzcQxxNDA3NTI2MDcwcTc0AQAf0gOT.csv
B,eJxzcQxxNLAwMTI2BCJHIyMAH60DiA==.csv
A,eJxzcQxxNDAwNTI2NDA0djQwBAAfTAN8.csv
B,eJxzcQxxNLAwMDI2NDQ0dTQ0BQAfhgOH.csv
D,eJxzcQxxNDA0MjI2MDcwcjEwAQAfXwOE.csv
D,eJxzcQxxNDAzNjI2NDS0cDM2BgAfqwOQ.csv
C,eJxzcQxxNDAyMTI2NDIwcTIwAwAfawOF.csv
B,eJxzcQxxNDAwNjI2NDI0cTQwBgAfSgN_.csv
B,eJzzCzU0NTcyNjQyMHE1sAQAGGEDGw==.csv
B,eJxzcQxxNLCwMDI2NDS0cDUwAQAf6wOU.csv
B,eJxzcQxxNDAzMTI2NDQ0djUyBQAfngOM.csv
B,eJxzcQxxNDAzNDI2NDQ0dzQ2AAAfgQOF.csv
A,eJxzcQxxNDAxMDI2NDQwdTMyAwAfZwOJ.csv
B,eJxzcQxxNDA2NjI2NDS0dDQ0BwAffwOL.csv
A,eJxzcQxxNDA2NzI2NDS0cDQyAgAfoAOK.csv
D,eJxzcQxxNDAxMDI2NDQwdTUwBgAfXQOD.csv
B,eJxzcQxxNDAyNTI2NDKwcDa0BAAfjQOP.csv
A,eJxzcQxxNDA3MzI2NDQycDY2BgAfsAOK.csv
D,eJxzcQxxNDA3NTI2MDewdDIyBQAf2gOV.csv
A,eJzzCzU0MTIyNjQ0MnA1MAUAGBQDDg==.csv
B,eJxzcQxxNDA2NzI2NDQ0djWwAAAfmgON.csv
A,eJxzcQxxNDCxNDI2NDAyczayBAAfwwOU.csv
B,eJxzcQxxNDAxNzI2NDS0cDMwBAAftQON.csv
B,eJxzcQxxNDAwNjI2NDIycTI2BgAfWAOE.csv
D,eJxzcQxxNDA2NzI2NDQ0cjW0BAAfmQOO.csv
A,eJxzcQxxNLCwMDI2NDS0cDE0AgAf6AOS.csv
A,eJzzCzM0NDcyNjQ0MnU0MAUAGDoDEg==.csv
B,eJxzcQxxNDA1NzI2NDS0dDEwBAAfvgON.csv
A,eJxzcQxxNDCwMDI2NDQycjQ0AAAfcgOA.csv
C,eJxzcQxxNDAxNjI2NDI0djWwBAAfhAOM.csv
B,eJxzcQxxNDA1MDI2NDSwcDIyAwAfcgOJ.csv
B,eJxzcQxxNDCyNDI2NDIwdzM0BAAfsgON.csv
B,eJxzcQxxNLCwMDI2NDS0cDUwAwAf7QOW.csv
A,eJxzcQxxNDAxMzI2NDIwdzY0AAAfoAOI.csv
B,eJxzcQxxNLAwMDI2NDIycTUyAAAflgOI.csv
B,eJzzCzU0MTYyNjQ0snA2NgQAGDoDFA==.csv
B,eJxzcQxxNDAxNjI2NDKwALIAH4IDhw==.csv
C,eJxzcQxxNDAxNDI2MDewcDE0BQAfkQOO.csv
D,eJxzcQxxNDA2MzIxMDQwcTQ0AwAfhAOH.csv
B,eJxzcQxxNDAzMzI2NDQydDE0AAAfpQOG.csv
D,eJxzcQxxNLAwMzI2NDQwdDO0BAAfwAOR.csv
C,eJzzCzU0szAyNjQysHA1NAAAGH8DGQ==.csv
D,eJxzcQxxNDA0MjI2MDewdDIwBQAfdgOK.csv
A,eJxzcQxxNDA2MTI2NDQycTSwBAAfegOJ.csv
B,eJxzcQxxNDQwMDI2NDQydjEyAQAfQQOC.csv
B,eJxzcQxxNDAyMTI2NDQ0cTawAAAfbwOI.csv
B,eJxzcQxxNDAyMDI2NDQ2cDSyAAAfPwOC.csv
C,eJxzcQxxNDAzMTI2NDQ0cTI2AAAflgOG.csv
B,eJxzcQxxNDA3NjI2NDQycTa0BAAfpAOP.csv
A,eJxzcQxxNDAyNTI2NDSydDMwBQAfmAOP.csv
C,eJzzCzU0MTMyNjQyMHc2NAAAGEsDEg==.csv
D,eJxzcQxxNLAwMzI2NDQydzQwBwAfzwOR.csv
B,eJxzcQxxNDAyNTI2NDS0dDQyAgAfhQOI.csv
B,eJxzcQxxNDAwNjI2NDI0djY2AQAfUwOE.csv
D,eJxzcQxxNDCxMDI2MDcwcTY2BQAfyAOS.csv
B,eJzzCzU0NTcyNjQ0snAyMgcAGG4DHQ==.csv
A,eJzzCzU0MTIyNjQ0tHQzMAEAGDUDFg==.csv
C,eJzzCzU0MTMyNjQysHAzMAEAGFoDGQ==.csv
D,eJxzcQxxNDC3MDI2NDKydDQ0AAAf4QOP.csv
B,eJxzcQxxNDCyMDI2NDS0dDc2AwAfuwOW.csv
A,eJxzcQxxNDCwNDI2NDI2cDU0AAAfiwOF.csv
A,eJzzCzU0MzYyNjQ0MnEyNgQAGD0DEQ==.csv
B,eJxzcQxxNDA0NjI2NDI0cDYwAQAfTAN_.csv
C,eJxzcQxxNDAyMTI2NDI0djKwAAAfbgOH.csv
B,eJxzcQxxNLAwNjI2NDQycTY0AwAfrAON.csv
C,eJxzcQxxNDAzMzI2NDQycDI2AgAfoQOH.csv
D,eJxzcQxxNDAzMzI2NDIwdzE2BQAfwgOS.csv
B,eJxzcQxxNDCzMDI2NDQ0cTE0BQAfxQOP.csv
B,eJzzCzU0NzAyNjQ0MnU3MAUAGDsDFg==.csv
A,eJxzcQxxNDCzMDI2NDI0cjSwBAAfvAOO.csv
B,eJxzcQxxNDA0NTI2NDQ0dTIyAAAfawOC.csv
D,eJxzcQxxNDA1MDI2NDAycTE2AAAfaAOD.csv
C,eJzzCzU0NjYyNjQyMHQ2NgMAGBQDEA==.csv
A,eJxzcQxxNDAxNjI2NDKycDU0BwAfnQOR.csv
D,eJzzCzU0NTcyNjQ0MnM0NAUAGF8DFw==.csv
A,eJxzcQxxNDA3NDI2NDQydDUwAQAfgwOG.csv
B,eJxzcQxxNLAwNTI2NDS0dDQ0AAAfwwOL.csv
A,eJxzcQxxNDA1NzI2NDQydzE0BgAfvwOP.csv
C,eJzzCzU0MzEyNjQ0NHcxMAYAGFADFQ==.csv
A,eJxzcQxxNDAzNjI2NDI0cjI0AwAfjAOI.csv
B,eJxzcQxxNDA1NjI2NDQydjM2AwAflAOO.csv
D,eJxzcQxxNLCwMDI2MDewdDUyAQAgCwOb.csv
B,eJxzcQxxNLA0MDI2NDQ0dzKwAAAfnQON.csv
C,eJzzCzU0MTMyNjQysHAztAQAGGEDHw==.csv
C,eJxzcQxxNDAzMzI2NDQycjU2BAAfsQOL.csv
A,eJxzcQxxNDC0NDI2NDS0dDQ0AQAfogOM.csv
C,eJzzCzU0NzAyNjQyNHExtAQAGDUDFw==.csv
B,eJxzcQxxNDAzMzI2NDQydDYyBwAfqwON.csv
C,eJxzcQxxNDA1NDIGIRcjAwAfdQOD.csv
C,eJzzCzU0szAyNjQ0NnA1NAYAGGsDFg==.csv
B,eJxzcQxxNDAyNzI2NDS0cDcyBgAfqAOQ.csv
C,eJzzCzU0NTMyNjQ0tHA1NgAAGGMDGA==.csv
C,eJzzCzU0MjYyNjQyNHYxNAUAGBQDEA==.csv
C,eJzzCzU0NTUyMTA0MHE0MgAAGDcDDQ==.csv
B,eJxzcQxxNDA0NTI2NDQydTWwAAAffQOM.csv
B,eJxzcQxxNDAzNDI2NDQycDI0AwAfbwOE.csv
B,eJxzcQxxNDAzMzI2NDQycDI2BQAfpAOK.csv
A,eJzzCzU0MjEyNjQ0NHc0MgQAGB0DDg==.csv
A,eJxzcQxxNDAyNDIxMDQwdjEwBAAfRQN9.csv
C,eJxzcQxxNDAzMjI2NDQycTUyAgAfkAOJ.csv
B,eJxzcQxxNDC0MDI2NDQydzKwAAAfmgOO.csv
A,eJxzcQxxNDC0MDI2NDQycDY0AwAfgQOH.csv
A,eJxzcQxxNDAyNTI2NDQyczIwBQAfgAOI.csv
C,eJzzCzM0MDMyNjQyMHQysAQAGBgDEA==.csv
B,eJxzcQxxNDAyMTI2NDI0cDE0AAAfYgN_.csv
D,eJxzcQxxNDAyNjI2MDc0cDEyBQAfdgOI.csv
C,eJzzCzU0szAyNjQyMHM0MgMAGHMDGg==.csv
D,eJzzCzU0MjMyNjQysnQ0MAUAGEQDFg==.csv
A,eJxzcQxxNDAzNDI2NDQ2cDY0AAAfcQOA.csv
A,eJxzcQxxNDC0MDI2NDQ2cDI0AwAfgwOH.csv
C,eJxzcQxxNDC2NDI2BAJXQyMAH6IDiA==.csv
C,eJxzcQxxNDC0NDI2NDQ2cDQwBQAfhwOF.csv
C,eJzzCzU0sjAyNjQyMHc2sAAAGE8DGQ==.csv
